slug,grind75,times_encountered,freq,cumsum,cumfreq
number-of-islands,True,815,0.025490257404685204,815,0.025490257404685204
k-closest-points-to-origin,True,518,0.016201169736965566,1333,0.04169142714165077
sum-of-total-strength-of-wizards,False,516,0.016138616958058363,1849,0.05783004409970913
meeting-rooms-ii,False,420,0.01313608357051262,2269,0.07096612767022174
two-sum,True,388,0.012135239107997372,2657,0.08310136677821912
substring-with-largest-variance,False,342,0.010696525193131705,2999,0.09379789197135083
group-anagrams,False,272,0.008507177931379601,3271,0.10230506990273043
sliding-window-maximum,False,270,0.008444625152472398,3541,0.11074969505520282
merge-k-sorted-lists,True,268,0.008382072373565195,3809,0.11913176742876802
roman-to-integer,False,267,0.008350795984111594,4076,0.1274825634128796
course-schedule,True,248,0.007756544584493166,4324,0.1352391079973728
longest-substring-without-repeating-characters,True,225,0.007037187627060332,4549,0.1422762956244331
random-pick-with-weight,False,220,0.006880805679792325,4769,0.14915710130422544
binary-tree-vertical-order-traversal,False,205,0.006411659837988303,4974,0.15556876114221374
my-calendar-i,False,188,0.005879961217277078,5162,0.16144872235949081
step-by-step-directions-from-a-binary-tree-node-to-another,False,180,0.0056297501016482655,5342,0.16707847246113908
concatenated-words,False,180,0.0056297501016482655,5522,0.17270822256278734
maximum-subarray,True,180,0.0056297501016482655,5702,0.17833797266443563
lowest-common-ancestor-of-a-binary-tree,True,177,0.005535920933287461,5879,0.18387389359772308
course-schedule-ii,False,176,0.005504644543833859,6055,0.18937853814155695
trapping-rain-water,True,175,0.005473368154380259,6230,0.1948519062959372
stock-price-fluctuation,False,175,0.005473368154380259,6405,0.20032527445031745
serialize-and-deserialize-binary-tree,True,168,0.005254433428205048,6573,0.2055797078785225
analyze-user-website-visit-pattern,False,162,0.005066775091483439,6735,0.21064648297000593
merge-intervals,True,162,0.005066775091483439,6897,0.2157132580614894
median-of-two-sorted-arrays,False,159,0.004972945923122635,7056,0.22068620398461203
find-all-possible-recipes-from-given-supplies,False,155,0.004847840365308229,7211,0.22553404434992025
reorder-data-in-log-files,False,153,0.004785287586401026,7364,0.23031933193632126
add-two-numbers,False,150,0.004691458418040221,7514,0.23501079035436148
cheapest-flights-within-k-stops,False,150,0.004691458418040221,7664,0.2397022487724017
valid-palindrome-ii,False,144,0.004503800081318613,7808,0.24420604885372033
binary-tree-right-side-view,True,144,0.004503800081318613,7952,0.24870984893503895
top-k-frequent-words,False,140,0.004378694523504207,8092,0.25308854345854315
best-time-to-buy-and-sell-stock,True,140,0.004378694523504207,8232,0.25746723798204735
find-leaves-of-binary-tree,False,138,0.004316141744597004,8370,0.26178337972664434
subarray-sum-equals-k,False,138,0.004316141744597004,8508,0.2660995214712414
integer-to-roman,False,132,0.0041284834078753945,8640,0.27022800487911675
shortest-path-in-a-grid-with-obstacles-elimination,False,126,0.003940825071153786,8766,0.27416882995027053
reorganize-string,False,126,0.003940825071153786,8892,0.2781096550214243
dot-product-of-two-sparse-vectors,False,124,0.003878272292246583,9016,0.2819879273136709
3sum,True,123,0.0038469959027929816,9139,0.28583492321646387
rotting-oranges,True,123,0.0038469959027929816,9262,0.2896819191192569
convert-sorted-list-to-binary-search-tree,False,120,0.003753166734432177,9382,0.29343508585368905
buildings-with-an-ocean-view,False,120,0.003753166734432177,9502,0.2971882525881212
connecting-cities-with-minimum-cost,False,120,0.003753166734432177,9622,0.3009414193225534
word-search-ii,False,120,0.003753166734432177,9742,0.3046945860569856
swim-in-rising-water,False,119,0.0037218903449785755,9861,0.3084164764019642
minimum-health-to-beat-game,False,117,0.003659337566071373,9978,0.3120758139680355
all-nodes-distance-k-in-binary-tree,False,116,0.0036280611766177713,10094,0.3157038751446533
plates-between-candles,False,116,0.0036280611766177713,10210,0.31933193632127105
max-area-of-island,False,115,0.00359678478716417,10325,0.32292872110843523
shortest-path-in-binary-matrix,False,114,0.0035655083977105683,10439,0.3264942295061458
evaluate-division,False,114,0.0035655083977105683,10553,0.3300597379038564
find-k-closest-elements,False,114,0.0035655083977105683,10667,0.3336252463015669
longest-consecutive-sequence,False,114,0.0035655083977105683,10781,0.3371907546992775
minimum-remove-to-make-valid-parentheses,False,112,0.003502955618803365,10893,0.3406937103180809
make-array-zero-by-subtracting-equal-amounts,False,110,0.0034404028398961626,11003,0.34413411315797704
unique-paths,True,105,0.003284020892628155,11108,0.3474181340506052
decode-string,False,105,0.003284020892628155,11213,0.35070215494323337
insert-delete-getrandom-o1,False,105,0.003284020892628155,11318,0.3539861758358615
minimum-number-of-moves-to-make-palindrome,False,104,0.0032527445031745534,11422,0.35723892033903604
longest-palindromic-substring,True,104,0.0032527445031745534,11526,0.3604916648422106
find-triangular-sum-of-an-array,False,104,0.0032527445031745534,11630,0.36374440934538516
missing-number,False,102,0.0031901917242673507,11732,0.36693460106965253
container-with-most-water,True,102,0.0031901917242673507,11834,0.37012479279391985
maximum-number-of-books-you-can-take,False,100,0.0031276389453601477,11934,0.37325243173928
binary-search-tree-iterator,False,96,0.0030025333875457415,12030,0.37625496512682577
contains-duplicate,True,96,0.0030025333875457415,12126,0.3792574985143715
coin-change,True,93,0.0029087042191849374,12219,0.38216620273355645
binary-tree-zigzag-level-order-traversal,False,93,0.0029087042191849374,12312,0.3850749069527414
validate-binary-search-tree,True,92,0.002877427829731336,12404,0.3879523347824727
range-sum-of-bst,False,92,0.002877427829731336,12496,0.39082976261220403
race-car,False,92,0.002877427829731336,12588,0.39370719044193536
integer-to-english-words,False,90,0.0028148750508241328,12678,0.39652206549275953
generate-parentheses,False,90,0.0028148750508241328,12768,0.39933694054358365
sum-of-subarray-ranges,False,90,0.0028148750508241328,12858,0.40215181559440777
evaluate-reverse-polish-notation,True,87,0.0027210458824633286,12945,0.4048728614768711
diameter-of-binary-tree,True,87,0.0027210458824633286,13032,0.40759390735933443
maximum-number-of-robots-within-budget,False,84,0.002627216714102524,13116,0.41022112407343697
merge-sorted-array,False,84,0.002627216714102524,13200,0.4128483407875395
search-suggestions-system,False,81,0.0025333875457417194,13281,0.4153817283332812
find-the-duplicate-number,False,80,0.0025021111562881183,13361,0.4178838394895693
majority-element,True,80,0.0025021111562881183,13441,0.42038595064585743
flood-fill,True,80,0.0025021111562881183,13521,0.42288806180214555
add-bold-tag-in-string,False,80,0.0025021111562881183,13601,0.4253901729584337
copy-list-with-random-pointer,False,80,0.0025021111562881183,13681,0.4278922841147218
design-tic-tac-toe,False,80,0.0025021111562881183,13761,0.4303943952710099
logger-rate-limiter,False,76,0.002377005598473712,13837,0.4327714008694836
max-consecutive-ones-iii,False,76,0.002377005598473712,13913,0.4351484064679573
making-a-large-island,False,75,0.0023457292090201106,13988,0.4374941356769774
minimum-number-of-keypresses,False,75,0.0023457292090201106,14063,0.4398398648859976
maximum-average-subtree,False,75,0.0023457292090201106,14138,0.4421855940950177
powx-n,False,74,0.002314452819566509,14212,0.44450004691458417
detonate-the-maximum-bombs,False,72,0.0022519000406593065,14284,0.4467519469552435
palindrome-linked-list,False,72,0.0022519000406593065,14356,0.4490038469959028
find-first-and-last-position-of-element-in-sorted-array,False,72,0.0022519000406593065,14428,0.45125574703656207
amount-of-new-area-painted-each-day,False,72,0.0022519000406593065,14500,0.4535076470772214
time-based-key-value-store,True,72,0.0022519000406593065,14572,0.4557595471178807
next-permutation,False,72,0.0022519000406593065,14644,0.45801144715854003
maximize-score-after-n-operations,False,70,0.0021893472617521034,14714,0.4602007944202921
flatten-binary-tree-to-linked-list,False,70,0.0021893472617521034,14784,0.46239014168204423
two-sum-iv-input-is-a-bst,False,70,0.0021893472617521034,14854,0.4645794889437963
number-of-ways-to-select-buildings,False,69,0.002158070872298502,14923,0.4667375598160948
search-a-2d-matrix,False,69,0.002158070872298502,14992,0.46889563068839335
text-justification,False,69,0.002158070872298502,15061,0.4710537015606918
prison-cells-after-n-days,False,68,0.0021267944828449003,15129,0.47318049604353674
detect-squares,False,68,0.0021267944828449003,15197,0.47530729052638165
house-robber,False,68,0.0021267944828449003,15265,0.4774340850092265
pacific-atlantic-water-flow,False,68,0.0021267944828449003,15333,0.47956087949207143
find-peak-element,False,66,0.0020642417039376973,15399,0.48162512119600914
minimum-number-of-increments-on-subarrays-to-form-a-target-array,False,65,0.0020329653144840957,15464,0.48365808651049325
first-unique-character-in-a-string,False,64,0.0020016889250304946,15528,0.48565977543552374
rotate-image,False,63,0.001970412535576893,15591,0.48763018797110064
find-original-array-from-doubled-array,False,60,0.0018765833672160885,15651,0.4895067713383167
snapshot-array,False,60,0.0018765833672160885,15711,0.4913833547055328
invert-binary-tree,True,60,0.0018765833672160885,15771,0.49325993807274887
range-module,False,60,0.0018765833672160885,15831,0.49513652143996495
product-of-the-last-k-numbers,False,60,0.0018765833672160885,15891,0.4970131048071811
the-number-of-weak-characters-in-the-game,False,60,0.0018765833672160885,15951,0.49888968817439716
maximum-units-on-a-truck,False,60,0.0018765833672160885,16011,0.5007662715416132
valid-palindrome,True,58,0.0018140305883088857,16069,0.5025803021299221
search-in-rotated-sorted-array,True,58,0.0018140305883088857,16127,0.504394332718231
3sum-closest,False,57,0.0017827541988552841,16184,0.5061770869170863
minimum-add-to-make-parentheses-valid,False,57,0.0017827541988552841,16241,0.5079598411159416
strobogrammatic-number,False,57,0.0017827541988552841,16298,0.5097425953147968
jump-game-ii,False,57,0.0017827541988552841,16355,0.5115253495136521
wildcard-matching,False,56,0.0017514778094016826,16411,0.5132768273230538
word-ladder-ii,False,56,0.0017514778094016826,16467,0.5150283051324555
count-of-smaller-numbers-after-self,False,56,0.0017514778094016826,16523,0.5167797829418572
populating-next-right-pointers-in-each-node-ii,False,55,0.0017202014199480813,16578,0.5184999843618052
flatten-nested-list-iterator,False,54,0.0016889250304944797,16632,0.5201889093922998
minimum-cost-to-make-at-least-one-valid-path-in-a-grid,False,54,0.0016889250304944797,16686,0.5218778344227942
total-appeal-of-a-string,False,54,0.0016889250304944797,16740,0.5235667594532887
combination-sum,True,54,0.0016889250304944797,16794,0.5252556844837832
longest-valid-parentheses,False,54,0.0016889250304944797,16848,0.5269446095142777
next-greater-element-i,False,52,0.0016263722515872767,16900,0.5285709817658649
symmetric-tree,False,52,0.0016263722515872767,16952,0.5301973540174523
01-matrix,True,52,0.0016263722515872767,17004,0.5318237262690395
basic-calculator-iii,False,52,0.0016263722515872767,17056,0.5334500985206267
happy-number,False,51,0.0015950958621336754,17107,0.5350451943827604
group-shifted-strings,False,51,0.0015950958621336754,17158,0.5366402902448941
4sum,False,51,0.0015950958621336754,17209,0.5382353861070278
sort-colors,True,51,0.0015950958621336754,17260,0.5398304819691615
find-median-from-data-stream,True,50,0.0015638194726800738,17310,0.5413943014418415
first-bad-version,True,50,0.0015638194726800738,17360,0.5429581209145217
smallest-subtree-with-all-the-deepest-nodes,False,50,0.0015638194726800738,17410,0.5445219403872017
network-delay-time,False,50,0.0015638194726800738,17460,0.5460857598598817
construct-binary-tree-from-preorder-and-inorder-traversal,True,50,0.0015638194726800738,17510,0.5476495793325619
all-elements-in-two-binary-search-trees,False,50,0.0015638194726800738,17560,0.5492133988052419
longest-increasing-subsequence,False,48,0.0015012666937728708,17608,0.5507146654990148
longest-duplicate-substring,False,48,0.0015012666937728708,17656,0.5522159321927876
path-sum,False,48,0.0015012666937728708,17704,0.5537171988865606
sort-an-array,False,48,0.0015012666937728708,17752,0.5552184655803334
basic-calculator,True,48,0.0015012666937728708,17800,0.5567197322741063
sum-of-subarray-minimums,False,48,0.0015012666937728708,17848,0.5582209989678791
binary-tree-maximum-path-sum,False,48,0.0015012666937728708,17896,0.5597222656616521
unique-paths-ii,False,48,0.0015012666937728708,17944,0.5612235323554249
two-sum-ii-input-array-is-sorted,False,48,0.0015012666937728708,17992,0.5627247990491978
maximum-depth-of-binary-tree,True,48,0.0015012666937728708,18040,0.5642260657429706
find-the-difference,False,48,0.0015012666937728708,18088,0.5657273324367436
minimum-number-of-refueling-stops,False,48,0.0015012666937728708,18136,0.5672285991305164
ransom-note,True,48,0.0015012666937728708,18184,0.5687298658242892
next-greater-element-iii,False,48,0.0015012666937728708,18232,0.5702311325180621
implement-trie-prefix-tree,True,48,0.0015012666937728708,18280,0.5717323992118349
koko-eating-bananas,False,48,0.0015012666937728708,18328,0.5732336659056079
same-tree,False,48,0.0015012666937728708,18376,0.5747349325993807
alien-dictionary,False,48,0.0015012666937728708,18424,0.5762361992931536
range-addition,False,46,0.001438713914865668,18470,0.5776749132080192
kth-smallest-element-in-a-sorted-matrix,False,45,0.0014074375254120664,18515,0.5790823507334313
reconstruct-itinerary,False,45,0.0014074375254120664,18560,0.5804897882588435
range-sum-query-2d-immutable,False,44,0.0013761611359584648,18604,0.5818659493948019
number-of-good-paths,False,44,0.0013761611359584648,18648,0.5832421105307604
nested-list-weight-sum,False,44,0.0013761611359584648,18692,0.5846182716667188
recover-binary-search-tree,False,44,0.0013761611359584648,18736,0.5859944328026773
is-graph-bipartite,False,44,0.0013761611359584648,18780,0.5873705939386358
average-of-levels-in-binary-tree,False,44,0.0013761611359584648,18824,0.5887467550745942
russian-doll-envelopes,False,44,0.0013761611359584648,18868,0.5901229162105527
minimum-size-subarray-sum,False,44,0.0013761611359584648,18912,0.5914990773465111
longest-common-prefix,False,43,0.0013448847465048635,18955,0.5928439620930159
remove-invalid-parentheses,False,42,0.001313608357051262,18997,0.5941575704500672
remove-nth-node-from-end-of-list,False,42,0.001313608357051262,19039,0.5954711788071185
regular-expression-matching,False,42,0.001313608357051262,19081,0.5967847871641697
kth-largest-element-in-a-stream,False,42,0.001313608357051262,19123,0.598098395521221
shortest-way-to-form-string,False,42,0.001313608357051262,19165,0.5994120038782723
design-parking-system,False,42,0.001313608357051262,19207,0.6007256122353235
decode-ways,False,42,0.001313608357051262,19249,0.6020392205923748
single-element-in-a-sorted-array,False,42,0.001313608357051262,19291,0.6033528289494261
rotate-array,False,42,0.001313608357051262,19333,0.6046664373064773
h-index,False,42,0.001313608357051262,19375,0.6059800456635286
minimum-path-sum,False,42,0.001313608357051262,19417,0.6072936540205799
validate-binary-tree-nodes,False,42,0.001313608357051262,19459,0.6086072623776311
valid-word-abbreviation,False,42,0.001313608357051262,19501,0.6099208707346824
intersection-of-two-arrays,False,40,0.0012510555781440592,19541,0.6111719263128265
sum-of-prefix-scores-of-strings,False,40,0.0012510555781440592,19581,0.6124229818909706
maximum-product-subarray,False,40,0.0012510555781440592,19621,0.6136740374691145
surrounded-regions,False,40,0.0012510555781440592,19661,0.6149250930472586
move-zeroes,False,40,0.0012510555781440592,19701,0.6161761486254027
sequentially-ordinal-rank-tracker,False,40,0.0012510555781440592,19741,0.6174272042035468
minimum-time-difference,False,40,0.0012510555781440592,19781,0.6186782597816908
merge-two-binary-trees,False,40,0.0012510555781440592,19821,0.6199293153598349
find-pivot-index,False,40,0.0012510555781440592,19861,0.621180370937979
next-greater-element-ii,False,39,0.0012197791886904576,19900,0.6224001501266694
maximum-length-of-subarray-with-positive-product,False,39,0.0012197791886904576,19939,0.6236199293153598
binary-tree-level-order-traversal,True,39,0.0012197791886904576,19978,0.6248397085040502
maximum-size-subarray-sum-equals-k,False,39,0.0012197791886904576,20017,0.6260594876927408
read-n-characters-given-read4,False,39,0.0012197791886904576,20056,0.6272792668814312
reverse-nodes-in-k-group,False,38,0.001188502799236856,20094,0.6284677696806681
first-missing-positive,False,38,0.001188502799236856,20132,0.629656272479905
shortest-bridge,False,36,0.0011259500203296532,20168,0.6307822225002345
rle-iterator,False,36,0.0011259500203296532,20204,0.6319081725205642
best-time-to-buy-and-sell-stock-ii,False,36,0.0011259500203296532,20240,0.6330341225408939
sentence-similarity-ii,False,36,0.0011259500203296532,20276,0.6341600725612235
target-sum,False,36,0.0011259500203296532,20312,0.6352860225815532
kth-smallest-element-in-a-bst,True,36,0.0011259500203296532,20348,0.6364119726018829
balanced-binary-tree,True,36,0.0011259500203296532,20384,0.6375379226222125
sum-of-distances-in-tree,False,36,0.0011259500203296532,20420,0.6386638726425421
valid-parenthesis-string,False,36,0.0011259500203296532,20456,0.6397898226628718
split-array-largest-sum,False,36,0.0011259500203296532,20492,0.6409157726832014
squares-of-a-sorted-array,False,36,0.0011259500203296532,20528,0.6420417227035311
inorder-successor-in-bst,False,36,0.0011259500203296532,20564,0.6431676727238608
longest-arithmetic-subsequence,False,36,0.0011259500203296532,20600,0.6442936227441904
bulls-and-cows,False,36,0.0011259500203296532,20636,0.6454195727645201
smallest-string-with-swaps,False,35,0.0010946736308760517,20671,0.6465142463953961
range-sum-query-2d-mutable,False,35,0.0010946736308760517,20706,0.6476089200262721
odd-even-jump,False,35,0.0010946736308760517,20741,0.6487035936571482
sort-list,False,35,0.0010946736308760517,20776,0.6497982672880243
reverse-linked-list,True,34,0.0010633972414224502,20810,0.6508616645294467
permutations,True,34,0.0010633972414224502,20844,0.6519250617708692
robot-room-cleaner,False,34,0.0010633972414224502,20878,0.6529884590122916
boundary-of-binary-tree,False,33,0.0010321208519688486,20911,0.6540205798642604
battleships-in-a-board,False,33,0.0010321208519688486,20944,0.6550527007162293
sum-of-left-leaves,False,32,0.0010008444625152473,20976,0.6560535451787446
find-duplicate-subtrees,False,32,0.0010008444625152473,21008,0.6570543896412598
slowest-key,False,32,0.0010008444625152473,21040,0.6580552341037751
house-robber-iii,False,32,0.0010008444625152473,21072,0.6590560785662903
add-binary,True,32,0.0010008444625152473,21104,0.6600569230288056
construct-binary-tree-from-string,False,32,0.0010008444625152473,21136,0.6610577674913208
count-complete-tree-nodes,False,32,0.0010008444625152473,21168,0.6620586119538361
encode-and-decode-tinyurl,False,32,0.0010008444625152473,21200,0.6630594564163513
partition-equal-subset-sum,True,32,0.0010008444625152473,21232,0.6640603008788666
design-circular-queue,False,32,0.0010008444625152473,21264,0.6650611453413818
max-points-on-a-line,False,32,0.0010008444625152473,21296,0.6660619898038971
maximum-and-sum-of-array,False,32,0.0010008444625152473,21328,0.6670628342664123
maximum-width-of-binary-tree,False,32,0.0010008444625152473,21360,0.6680636787289276
furthest-building-you-can-reach,False,30,0.0009382916836080443,21390,0.6690019704125356
all-possible-full-binary-trees,False,30,0.0009382916836080443,21420,0.6699402620961437
find-two-non-overlapping-sub-arrays-each-with-target-sum,False,30,0.0009382916836080443,21450,0.6708785537797517
frequency-of-the-most-frequent-element,False,30,0.0009382916836080443,21480,0.6718168454633597
sort-integers-by-the-power-value,False,30,0.0009382916836080443,21510,0.6727551371469678
subtree-of-another-tree,False,30,0.0009382916836080443,21540,0.6736934288305758
sum-root-to-leaf-numbers,False,30,0.0009382916836080443,21570,0.6746317205141839
longest-continuous-subarray-with-absolute-diff-less-than-or-equal-to-limit,False,30,0.0009382916836080443,21600,0.6755700121977919
sliding-puzzle,False,30,0.0009382916836080443,21630,0.6765083038813999
similar-string-groups,False,30,0.0009382916836080443,21660,0.677446595565008
number-of-distinct-islands,False,30,0.0009382916836080443,21690,0.678384887248616
multiply-strings,False,30,0.0009382916836080443,21720,0.679323178932224
most-stones-removed-with-same-row-or-column,False,30,0.0009382916836080443,21750,0.6802614706158321
minimum-operations-to-reduce-x-to-zero,False,30,0.0009382916836080443,21780,0.6811997622994401
validate-stack-sequences,False,30,0.0009382916836080443,21810,0.6821380539830482
partition-array-such-that-maximum-difference-is-k,False,30,0.0009382916836080443,21840,0.6830763456666562
partition-to-k-equal-sum-subsets,False,30,0.0009382916836080443,21870,0.6840146373502642
path-with-maximum-gold,False,30,0.0009382916836080443,21900,0.6849529290338723
path-with-maximum-minimum-value,False,30,0.0009382916836080443,21930,0.6858912207174803
meeting-rooms-iii,False,30,0.0009382916836080443,21960,0.6868295124010885
find-and-replace-in-string,False,30,0.0009382916836080443,21990,0.6877678040846965
design-browser-history,False,30,0.0009382916836080443,22020,0.6887060957683045
design-hashmap,False,30,0.0009382916836080443,22050,0.6896443874519126
the-maze-ii,False,30,0.0009382916836080443,22080,0.6905826791355206
shortest-path-visiting-all-nodes,False,30,0.0009382916836080443,22110,0.6915209708191287
is-subsequence,False,30,0.0009382916836080443,22140,0.6924592625027367
intersection-of-two-arrays-ii,False,30,0.0009382916836080443,22170,0.6933975541863447
open-the-lock,False,28,0.0008757389047008413,22198,0.6942732930910456
gas-station,False,28,0.0008757389047008413,22226,0.6951490319957464
next-greater-node-in-linked-list,False,28,0.0008757389047008413,22254,0.6960247709004472
number-of-provinces,False,28,0.0008757389047008413,22282,0.6969005098051481
break-a-palindrome,False,28,0.0008757389047008413,22310,0.6977762487098489
majority-element-ii,False,28,0.0008757389047008413,22338,0.6986519876145498
serialize-and-deserialize-bst,False,28,0.0008757389047008413,22366,0.6995277265192507
isomorphic-strings,False,28,0.0008757389047008413,22394,0.7004034654239515
plus-one,False,28,0.0008757389047008413,22422,0.7012792043286523
lfu-cache,False,28,0.0008757389047008413,22450,0.7021549432333531
subarrays-with-k-different-integers,False,28,0.0008757389047008413,22478,0.703030682138054
range-sum-query-mutable,False,28,0.0008757389047008413,22506,0.7039064210427548
number-of-atoms,False,28,0.0008757389047008413,22534,0.7047821599474556
convert-binary-search-tree-to-sorted-doubly-linked-list,False,28,0.0008757389047008413,22562,0.7056578988521565
design-add-and-search-words-data-structure,False,28,0.0008757389047008413,22590,0.7065336377568574
unique-number-of-occurrences,False,28,0.0008757389047008413,22618,0.7074093766615582
count-of-range-sum,False,28,0.0008757389047008413,22646,0.7082851155662591
single-threaded-cpu,False,27,0.0008444625152472399,22673,0.7091295780815062
valid-anagram,True,27,0.0008444625152472399,22700,0.7099740405967535
find-the-k-sum-of-an-array,False,27,0.0008444625152472399,22727,0.7108185031120008
find-the-index-of-the-first-occurrence-in-a-string,False,27,0.0008444625152472399,22754,0.711662965627248
sort-array-by-parity,False,27,0.0008444625152472399,22781,0.7125074281424952
minimum-area-rectangle-ii,False,27,0.0008444625152472399,22808,0.7133518906577425
sudoku-solver,False,27,0.0008444625152472399,22835,0.7141963531729897
snakes-and-ladders,False,27,0.0008444625152472399,22862,0.715040815688237
expression-add-operators,False,27,0.0008444625152472399,22889,0.7158852782034842
running-sum-of-1d-array,False,26,0.0008131861257936383,22915,0.7166984643292779
search-insert-position,False,26,0.0008131861257936383,22941,0.7175116504550715
minimum-adjacent-swaps-to-make-a-valid-array,False,26,0.0008131861257936383,22967,0.7183248365808651
longest-word-in-dictionary,False,25,0.0007819097363400369,22992,0.7191067463172052
where-will-the-ball-fall,False,25,0.0007819097363400369,23017,0.7198886560535451
optimal-account-balancing,False,25,0.0007819097363400369,23042,0.7206705657898852
maximal-rectangle,False,25,0.0007819097363400369,23067,0.7214524755262253
different-ways-to-add-parentheses,False,25,0.0007819097363400369,23092,0.7222343852625653
longest-palindrome-by-concatenating-two-letter-words,False,25,0.0007819097363400369,23117,0.7230162949989053
palindrome-number,False,25,0.0007819097363400369,23142,0.7237982047352454
construct-binary-tree-from-preorder-and-postorder-traversal,False,25,0.0007819097363400369,23167,0.7245801144715854
campus-bikes-ii,False,25,0.0007819097363400369,23192,0.7253620242079254
insert-delete-getrandom-o1-duplicates-allowed,False,25,0.0007819097363400369,23217,0.7261439339442655
count-words-obtained-after-adding-a-letter,False,25,0.0007819097363400369,23242,0.7269258436806055
minimum-area-rectangle,False,25,0.0007819097363400369,23267,0.7277077534169456
binary-search,True,24,0.0007506333468864354,23291,0.728458386763832
deepest-leaves-sum,False,24,0.0007506333468864354,23315,0.7292090201107184
task-scheduler,True,24,0.0007506333468864354,23339,0.7299596534576048
capacity-to-ship-packages-within-d-days,False,24,0.0007506333468864354,23363,0.7307102868044912
kth-ancestor-of-a-tree-node,False,24,0.0007506333468864354,23387,0.7314609201513778
linked-list-cycle,True,24,0.0007506333468864354,23411,0.7322115534982642
longest-line-of-consecutive-one-in-matrix,False,24,0.0007506333468864354,23435,0.7329621868451506
top-k-frequent-elements,False,24,0.0007506333468864354,23459,0.733712820192037
smallest-range-covering-elements-from-k-lists,False,24,0.0007506333468864354,23483,0.7344634535389235
k-th-symbol-in-grammar,False,24,0.0007506333468864354,23507,0.7352140868858099
palindrome-partitioning,False,24,0.0007506333468864354,23531,0.7359647202326963
frog-position-after-t-seconds,False,24,0.0007506333468864354,23555,0.7367153535795827
get-the-maximum-score,False,24,0.0007506333468864354,23579,0.7374659869264693
product-of-two-run-length-encoded-arrays,False,24,0.0007506333468864354,23603,0.7382166202733557
build-binary-expression-tree-from-infix-expression,False,24,0.0007506333468864354,23627,0.7389672536202421
island-perimeter,False,24,0.0007506333468864354,23651,0.7397178869671285
maximum-score-of-a-node-sequence,False,24,0.0007506333468864354,23675,0.740468520314015
partition-labels,False,24,0.0007506333468864354,23699,0.7412191536609014
campus-bikes,False,24,0.0007506333468864354,23723,0.7419697870077878
path-sum-ii,False,24,0.0007506333468864354,23747,0.7427204203546742
shortest-unsorted-continuous-subarray,False,24,0.0007506333468864354,23771,0.7434710537015607
design-file-system,False,24,0.0007506333468864354,23795,0.7442216870484472
delete-nodes-and-return-forest,False,24,0.0007506333468864354,23819,0.7449723203953336
leftmost-column-with-at-least-a-one,False,24,0.0007506333468864354,23843,0.74572295374222
binary-tree-postorder-traversal,False,24,0.0007506333468864354,23867,0.7464735870891064
binary-search-tree-to-greater-sum-tree,False,24,0.0007506333468864354,23891,0.7472242204359929
design-circular-deque,False,24,0.0007506333468864354,23915,0.7479748537828793
maximum-twin-sum-of-a-linked-list,False,24,0.0007506333468864354,23939,0.7487254871297657
serialize-and-deserialize-n-ary-tree,False,24,0.0007506333468864354,23963,0.7494761204766521
best-time-to-buy-and-sell-stock-iv,False,24,0.0007506333468864354,23987,0.7502267538235387
longest-binary-subsequence-less-than-or-equal-to-k,False,24,0.0007506333468864354,24011,0.7509773871704251
sentence-screen-fitting,False,24,0.0007506333468864354,24035,0.7517280205173115
longest-substring-with-at-most-k-distinct-characters,False,24,0.0007506333468864354,24059,0.7524786538641979
edit-distance,False,24,0.0007506333468864354,24083,0.7532292872110844
number-of-laser-beams-in-a-bank,False,24,0.0007506333468864354,24107,0.7539799205579708
complete-binary-tree-inserter,False,24,0.0007506333468864354,24131,0.7547305539048572
number-of-good-ways-to-split-a-string,False,24,0.0007506333468864354,24155,0.7554811872517436
number-of-wonderful-substrings,False,24,0.0007506333468864354,24179,0.7562318205986301
find-the-kth-largest-integer-in-the-array,False,24,0.0007506333468864354,24203,0.7569824539455166
word-break-ii,False,24,0.0007506333468864354,24227,0.757733087292403
sort-characters-by-frequency,False,24,0.0007506333468864354,24251,0.7584837206392894
find-all-duplicates-in-an-array,False,22,0.0006880805679792324,24273,0.7591718012072687
meeting-rooms,False,22,0.0006880805679792324,24295,0.7598598817752479
find-minimum-in-rotated-sorted-array,False,22,0.0006880805679792324,24317,0.7605479623432271
swap-adjacent-in-lr-string,False,22,0.0006880805679792324,24339,0.7612360429112063
find-k-pairs-with-smallest-sums,False,22,0.0006880805679792324,24361,0.7619241234791856
score-of-parentheses,False,22,0.0006880805679792324,24383,0.7626122040471648
maximum-swap,False,22,0.0006880805679792324,24405,0.763300284615144
longest-common-subsequence,False,22,0.0006880805679792324,24427,0.7639883651831233
number-of-pairs-satisfying-inequality,False,21,0.000656804178525631,24448,0.764645169361649
check-if-word-can-be-placed-in-crossword,False,21,0.000656804178525631,24469,0.7653019735401745
jump-game-iv,False,21,0.000656804178525631,24490,0.7659587777187001
count-square-submatrices-with-all-ones,False,21,0.000656804178525631,24511,0.7666155818972258
largest-rectangle-in-histogram,True,21,0.000656804178525631,24532,0.7672723860757514
leaf-similar-trees,False,21,0.000656804178525631,24553,0.7679291902542771
read-n-characters-given-read4-ii-call-multiple-times,False,21,0.000656804178525631,24574,0.7685859944328027
poor-pigs,False,21,0.000656804178525631,24595,0.7692427986113283
cherry-pickup,False,21,0.000656804178525631,24616,0.7698996027898539
reverse-integer,False,21,0.000656804178525631,24637,0.7705564069683796
path-with-minimum-effort,False,21,0.000656804178525631,24658,0.7712132111469052
the-skyline-problem,False,21,0.000656804178525631,24679,0.7718700153254309
binary-tree-longest-consecutive-sequence,False,21,0.000656804178525631,24700,0.7725268195039564
magnetic-force-between-two-balls,False,21,0.000656804178525631,24721,0.7731836236824821
time-needed-to-inform-all-employees,False,21,0.000656804178525631,24742,0.7738404278610077
subarray-sums-divisible-by-k,False,21,0.000656804178525631,24763,0.7744972320395334
sort-array-by-increasing-frequency,False,21,0.000656804178525631,24784,0.775154036218059
two-sum-bsts,False,21,0.000656804178525631,24805,0.7758108403965847
video-stitching,False,21,0.000656804178525631,24826,0.7764676445751102
number-of-operations-to-make-network-connected,False,20,0.0006255277890720296,24846,0.7770931723641823
how-many-numbers-are-smaller-than-the-current-number,False,20,0.0006255277890720296,24866,0.7777187001532543
minimum-absolute-difference-in-bst,False,20,0.0006255277890720296,24886,0.7783442279423264
design-in-memory-file-system,False,20,0.0006255277890720296,24906,0.7789697557313984
binary-tree-preorder-traversal,False,20,0.0006255277890720296,24926,0.7795952835204704
implement-magic-dictionary,False,20,0.0006255277890720296,24946,0.7802208113095425
4sum-ii,False,20,0.0006255277890720296,24966,0.7808463390986145
design-hashset,False,20,0.0006255277890720296,24986,0.7814718668876864
count-submatrices-with-all-ones,False,20,0.0006255277890720296,25006,0.7820973946767585
populating-next-right-pointers-in-each-node,False,20,0.0006255277890720296,25026,0.7827229224658305
find-critical-and-pseudo-critical-edges-in-minimum-spanning-tree,False,20,0.0006255277890720296,25046,0.7833484502549026
the-maze-iii,False,20,0.0006255277890720296,25066,0.7839739780439746
append-k-integers-with-minimal-sum,False,20,0.0006255277890720296,25086,0.7845995058330466
permutation-in-string,False,20,0.0006255277890720296,25106,0.7852250336221187
trapping-rain-water-ii,False,20,0.0006255277890720296,25126,0.7858505614111907
best-time-to-buy-and-sell-stock-iii,False,20,0.0006255277890720296,25146,0.7864760892002627
maximum-level-sum-of-a-binary-tree,False,20,0.0006255277890720296,25166,0.7871016169893348
best-meeting-point,False,20,0.0006255277890720296,25186,0.7877271447784068
find-the-kth-smallest-sum-of-a-matrix-with-sorted-rows,False,20,0.0006255277890720296,25206,0.7883526725674788
rectangle-area-ii,False,20,0.0006255277890720296,25226,0.7889782003565509
divisor-game,False,20,0.0006255277890720296,25246,0.7896037281456229
divide-two-integers,False,20,0.0006255277890720296,25266,0.790229255934695
clone-graph,True,20,0.0006255277890720296,25286,0.7908547837237669
basic-calculator-iv,False,20,0.0006255277890720296,25306,0.7914803115128389
flipping-an-image,False,20,0.0006255277890720296,25326,0.792105839301911
max-value-of-equation,False,20,0.0006255277890720296,25346,0.792731367090983
minimum-space-wasted-from-packaging,False,20,0.0006255277890720296,25366,0.793356894880055
flatten-2d-vector,False,20,0.0006255277890720296,25386,0.7939824226691271
first-unique-number,False,20,0.0006255277890720296,25406,0.7946079504581991
number-of-1-bits,False,20,0.0006255277890720296,25426,0.7952334782472711
find-the-shortest-superstring,False,20,0.0006255277890720296,25446,0.7958590060363432
longest-mountain-in-array,False,20,0.0006255277890720296,25466,0.7964845338254152
minimum-rounds-to-complete-all-tasks,False,20,0.0006255277890720296,25486,0.7971100616144873
binary-tree-paths,False,20,0.0006255277890720296,25506,0.7977355894035593
pancake-sorting,False,20,0.0006255277890720296,25526,0.7983611171926313
max-chunks-to-make-sorted,False,20,0.0006255277890720296,25546,0.7989866449817034
graph-valid-tree,False,20,0.0006255277890720296,25566,0.7996121727707753
design-snake-game,False,20,0.0006255277890720296,25586,0.8002377005598473
number-of-connected-components-in-an-undirected-graph,False,20,0.0006255277890720296,25606,0.8008632283489194
redundant-connection,False,20,0.0006255277890720296,25626,0.8014887561379914
number-of-ways-to-reorder-array-to-get-same-bst,False,20,0.0006255277890720296,25646,0.8021142839270634
number-of-closed-islands,False,20,0.0006255277890720296,25666,0.8027398117161355
convert-bst-to-greater-tree,False,20,0.0006255277890720296,25686,0.8033653395052075
maximum-white-tiles-covered-by-a-carpet,False,20,0.0006255277890720296,25706,0.8039908672942796
pour-water,False,20,0.0006255277890720296,25726,0.8046163950833516
add-two-integers,False,19,0.000594251399618428,25745,0.80521064648297
maximum-score-words-formed-by-letters,False,18,0.0005629750101648266,25763,0.8057736214931348
richest-customer-wealth,False,18,0.0005629750101648266,25781,0.8063365965032997
rank-transform-of-a-matrix,False,18,0.0005629750101648266,25799,0.8068995715134645
maximum-binary-tree,False,18,0.0005629750101648266,25817,0.8074625465236294
strobogrammatic-number-ii,False,18,0.0005629750101648266,25835,0.8080255215337941
add-strings,False,18,0.0005629750101648266,25853,0.8085884965439589
expressive-words,False,18,0.0005629750101648266,25871,0.8091514715541238
critical-connections-in-a-network,False,18,0.0005629750101648266,25889,0.8097144465642886
rank-transform-of-an-array,False,18,0.0005629750101648266,25907,0.8102774215744535
the-maze,False,18,0.0005629750101648266,25925,0.8108403965846183
rotate-list,False,18,0.0005629750101648266,25943,0.8114033715947832
reverse-vowels-of-a-string,False,18,0.0005629750101648266,25961,0.8119663466049479
reverse-string,False,18,0.0005629750101648266,25979,0.8125293216151127
repeated-dna-sequences,False,18,0.0005629750101648266,25997,0.8130922966252776
beautiful-array,False,18,0.0005629750101648266,26015,0.8136552716354424
walls-and-gates,False,18,0.0005629750101648266,26033,0.8142182466456073
maximum-number-of-events-that-can-be-attended-ii,False,18,0.0005629750101648266,26051,0.814781221655772
path-sum-iii,False,18,0.0005629750101648266,26069,0.8153441966659369
valid-tic-tac-toe-state,False,18,0.0005629750101648266,26087,0.8159071716761017
verifying-an-alien-dictionary,False,18,0.0005629750101648266,26105,0.8164701466862665
construct-binary-search-tree-from-preorder-traversal,False,18,0.0005629750101648266,26123,0.8170331216964314
shopping-offers,False,18,0.0005629750101648266,26141,0.8175960967065962
bus-routes,False,18,0.0005629750101648266,26159,0.818159071716761
cat-and-mouse,False,18,0.0005629750101648266,26177,0.8187220467269258
shuffle-an-array,False,18,0.0005629750101648266,26195,0.8192850217370907
rearrange-string-k-distance-apart,False,18,0.0005629750101648266,26213,0.8198479967472555
find-good-days-to-rob-the-bank,False,18,0.0005629750101648266,26231,0.8204109717574203
number-of-boomerangs,False,18,0.0005629750101648266,26249,0.8209739467675852
smallest-common-region,False,18,0.0005629750101648266,26267,0.82153692177775
encode-and-decode-strings,False,18,0.0005629750101648266,26285,0.8220998967879148
bitwise-ors-of-subarrays,False,18,0.0005629750101648266,26303,0.8226628717980796
stickers-to-spell-word,False,18,0.0005629750101648266,26321,0.8232258468082445
string-to-integer-atoi,True,17,0.0005316986207112251,26338,0.8237575454289556
tiling-a-rectangle-with-the-fewest-squares,False,16,0.0005004222312576237,26354,0.8242579676602133
regions-cut-by-slashes,False,16,0.0005004222312576237,26370,0.8247583898914709
checking-existence-of-edge-length-limited-paths,False,16,0.0005004222312576237,26386,0.8252588121227286
boats-to-save-people,False,16,0.0005004222312576237,26402,0.8257592343539861
distinct-subsequences-ii,False,16,0.0005004222312576237,26418,0.8262596565852438
minimum-height-trees,True,16,0.0005004222312576237,26434,0.8267600788165014
fibonacci-number,False,16,0.0005004222312576237,26450,0.8272605010477591
sliding-window-median,False,16,0.0005004222312576237,26466,0.8277609232790166
redundant-connection-ii,False,16,0.0005004222312576237,26482,0.8282613455102743
amount-of-time-for-binary-tree-to-be-infected,False,16,0.0005004222312576237,26498,0.8287617677415319
number-of-ways-to-build-sturdy-brick-wall,False,16,0.0005004222312576237,26514,0.8292621899727896
remove-all-ones-with-row-and-column-flips,False,16,0.0005004222312576237,26530,0.8297626122040471
minimum-number-of-swaps-to-make-the-string-balanced,False,16,0.0005004222312576237,26546,0.8302630344353048
count-good-nodes-in-binary-tree,False,16,0.0005004222312576237,26562,0.8307634566665624
valid-palindrome-iii,False,16,0.0005004222312576237,26578,0.83126387889782
the-most-similar-path-in-a-graph,False,16,0.0005004222312576237,26594,0.8317643011290776
cat-and-mouse-ii,False,16,0.0005004222312576237,26610,0.8322647233603353
maximum-number-of-points-with-cost,False,16,0.0005004222312576237,26626,0.8327651455915929
wiggle-sort-ii,False,16,0.0005004222312576237,26642,0.8332655678228506
remove-k-digits,False,16,0.0005004222312576237,26658,0.8337659900541081
split-bst,False,16,0.0005004222312576237,26674,0.8342664122853658
maximum-length-of-a-concatenated-string-with-unique-characters,False,16,0.0005004222312576237,26690,0.8347668345166234
intersection-of-three-sorted-arrays,False,16,0.0005004222312576237,26706,0.835267256747881
string-compression,False,16,0.0005004222312576237,26722,0.8357676789791386
sqrtx,False,16,0.0005004222312576237,26738,0.8362681012103963
web-crawler,False,16,0.0005004222312576237,26754,0.8367685234416539
search-a-2d-matrix-ii,False,16,0.0005004222312576237,26770,0.8372689456729115
maximum-split-of-positive-even-integers,False,15,0.00046914584180402213,26785,0.8377380915147156
closest-binary-search-tree-value,False,15,0.00046914584180402213,26800,0.8382072373565196
count-sub-islands,False,15,0.00046914584180402213,26815,0.8386763831983236
random-pick-with-blacklist,False,15,0.00046914584180402213,26830,0.8391455290401276
max-stack,False,15,0.00046914584180402213,26845,0.8396146748819316
max-chunks-to-make-sorted-ii,False,15,0.00046914584180402213,26860,0.8400838207237357
maximum-score-of-a-good-subarray,False,15,0.00046914584180402213,26875,0.8405529665655397
count-number-of-teams,False,15,0.00046914584180402213,26890,0.8410221124073437
matrix-block-sum,False,15,0.00046914584180402213,26905,0.8414912582491477
maximum-number-of-visible-points,False,15,0.00046914584180402213,26920,0.8419604040909517
brace-expansion,False,15,0.00046914584180402213,26935,0.8424295499327558
lowest-common-ancestor-of-deepest-leaves,False,15,0.00046914584180402213,26950,0.8428986957745598
maximum-path-quality-of-a-graph,False,15,0.00046914584180402213,26965,0.8433678416163638
design-excel-sum-formula,False,15,0.00046914584180402213,26980,0.8438369874581678
longest-string-chain,False,15,0.00046914584180402213,26995,0.8443061332999718
minimum-number-of-taps-to-open-to-water-a-garden,False,15,0.00046914584180402213,27010,0.8447752791417759
maximum-sum-bst-in-binary-tree,False,15,0.00046914584180402213,27025,0.8452444249835799
minimum-distance-between-bst-nodes,False,15,0.00046914584180402213,27040,0.8457135708253839
convert-sorted-array-to-binary-search-tree,False,15,0.00046914584180402213,27055,0.8461827166671879
minimum-interval-to-include-each-query,False,15,0.00046914584180402213,27070,0.8466518625089919
pairs-of-songs-with-total-durations-divisible-by-60,False,15,0.00046914584180402213,27085,0.847121008350796
fraction-to-recurring-decimal,False,15,0.00046914584180402213,27100,0.8475901541926
flatten-a-multilevel-doubly-linked-list,False,15,0.00046914584180402213,27115,0.848059300034404
fizz-buzz,False,15,0.00046914584180402213,27130,0.848528445876208
distribute-coins-in-binary-tree,False,15,0.00046914584180402213,27145,0.848997591718012
design-front-middle-back-queue,False,15,0.00046914584180402213,27160,0.849466737559816
finding-mk-average,False,15,0.00046914584180402213,27175,0.8499358834016201
online-majority-element-in-subarray,False,15,0.00046914584180402213,27190,0.8504050292434241
minimum-window-subsequence,False,15,0.00046914584180402213,27205,0.8508741750852281
find-minimum-time-to-finish-all-jobs,False,15,0.00046914584180402213,27220,0.8513433209270321
check-completeness-of-a-binary-tree,False,15,0.00046914584180402213,27235,0.8518124667688362
stream-of-characters,False,15,0.00046914584180402213,27250,0.8522816126106403
x-of-a-kind-in-a-deck-of-cards,False,15,0.00046914584180402213,27265,0.8527507584524443
find-all-anagrams-in-a-string,True,15,0.00046914584180402213,27280,0.8532199042942483
shortest-subarray-to-be-removed-to-make-array-sorted,False,15,0.00046914584180402213,27295,0.8536890501360523
minimum-deletions-to-make-character-frequencies-unique,False,15,0.00046914584180402213,27310,0.8541581959778564
keys-and-rooms,False,15,0.00046914584180402213,27325,0.8546273418196604
synonymous-sentences,False,15,0.00046914584180402213,27340,0.8550964876614644
predict-the-winner,False,15,0.00046914584180402213,27355,0.8555656335032684
longest-palindrome,True,15,0.00046914584180402213,27370,0.8560347793450724
add-two-numbers-ii,False,15,0.00046914584180402213,27385,0.8565039251868765
power-of-two,False,15,0.00046914584180402213,27400,0.8569730710286805
baseball-game,False,15,0.00046914584180402213,27415,0.8574422168704845
binary-tree-level-order-traversal-ii,False,15,0.00046914584180402213,27430,0.8579113627122885
delete-leaves-with-a-given-value,False,15,0.00046914584180402213,27445,0.8583805085540925
kill-process,False,15,0.00046914584180402213,27460,0.8588496543958966
inorder-successor-in-bst-ii,False,15,0.00046914584180402213,27475,0.8593188002377006
rank-teams-by-votes,False,15,0.00046914584180402213,27490,0.8597879460795046
perfect-squares,False,15,0.00046914584180402213,27505,0.8602570919213086
k-diff-pairs-in-an-array,False,15,0.00046914584180402213,27520,0.8607262377631126
design-compressed-string-iterator,False,15,0.00046914584180402213,27535,0.8611953836049167
path-with-maximum-probability,False,15,0.00046914584180402213,27550,0.8616645294467207
swapping-nodes-in-a-linked-list,False,14,0.00043786945235042065,27564,0.8621023988990711
subarray-product-less-than-k,False,14,0.00043786945235042065,27578,0.8625402683514215
compare-version-numbers,False,14,0.00043786945235042065,27592,0.862978137803772
shortest-subarray-with-sum-at-least-k,False,14,0.00043786945235042065,27606,0.8634160072561223
corporate-flight-bookings,False,14,0.00043786945235042065,27620,0.8638538767084728
reverse-words-in-a-string,False,14,0.00043786945235042065,27634,0.8642917461608232
reverse-pairs,False,14,0.00043786945235042065,27648,0.8647296156131736
partition-array-for-maximum-sum,False,14,0.00043786945235042065,27662,0.865167485065524
valid-number,False,14,0.00043786945235042065,27676,0.8656053545178745
minimum-domino-rotations-for-equal-row,False,14,0.00043786945235042065,27690,0.8660432239702249
guess-number-higher-or-lower,False,14,0.00043786945235042065,27704,0.8664810934225753
greatest-common-divisor-of-strings,False,14,0.00043786945235042065,27718,0.8669189628749258
increasing-triplet-subsequence,False,14,0.00043786945235042065,27732,0.8673568323272761
combinations,False,13,0.00040659306289681917,27745,0.8677634253901729
summary-ranges,False,13,0.00040659306289681917,27758,0.8681700184530697
maximum-element-after-decreasing-and-rearranging,False,12,0.0003753166734432177,27770,0.868545335126513
maximum-font-to-fit-a-sentence-in-a-screen,False,12,0.0003753166734432177,27782,0.8689206517999563
ways-to-split-array-into-three-subarrays,False,12,0.0003753166734432177,27794,0.8692959684733994
path-in-zigzag-labelled-binary-tree,False,12,0.0003753166734432177,27806,0.8696712851468427
design-most-recently-used-queue,False,12,0.0003753166734432177,27818,0.8700466018202858
minimum-depth-of-binary-tree,False,12,0.0003753166734432177,27830,0.8704219184937291
find-root-of-n-ary-tree,False,12,0.0003753166734432177,27842,0.8707972351671723
sort-the-matrix-diagonally,False,12,0.0003753166734432177,27854,0.8711725518406155
find-positive-integer-solution-for-a-given-equation,False,12,0.0003753166734432177,27866,0.8715478685140587
shortest-completing-word,False,12,0.0003753166734432177,27878,0.871923185187502
short-encoding-of-words,False,12,0.0003753166734432177,27890,0.8722985018609452
peak-index-in-a-mountain-array,False,12,0.0003753166734432177,27902,0.8726738185343884
peeking-iterator,False,12,0.0003753166734432177,27914,0.8730491352078316
split-array-into-consecutive-subsequences,False,12,0.0003753166734432177,27926,0.8734244518812748
intersection-of-two-linked-lists,False,12,0.0003753166734432177,27938,0.8737997685547181
missing-ranges,False,12,0.0003753166734432177,27950,0.8741750852281612
number-of-smooth-descent-periods-of-a-stock,False,12,0.0003753166734432177,27962,0.8745504019016045
sell-diminishing-valued-colored-balls,False,12,0.0003753166734432177,27974,0.8749257185750478
finding-the-number-of-visible-mountains,False,12,0.0003753166734432177,27986,0.8753010352484909
valid-perfect-square,False,12,0.0003753166734432177,27998,0.8756763519219342
minesweeper,False,12,0.0003753166734432177,28010,0.8760516685953773
second-minimum-node-in-a-binary-tree,False,12,0.0003753166734432177,28022,0.8764269852688206
surface-area-of-3d-shapes,False,12,0.0003753166734432177,28034,0.8768023019422638
super-ugly-number,False,12,0.0003753166734432177,28046,0.877177618615707
constrained-subsequence-sum,False,12,0.0003753166734432177,28058,0.8775529352891502
greatest-sum-divisible-by-three,False,12,0.0003753166734432177,28070,0.8779282519625934
sum-of-root-to-leaf-binary-numbers,False,12,0.0003753166734432177,28082,0.8783035686360366
car-fleet,False,12,0.0003753166734432177,28094,0.8786788853094799
find-words-that-can-be-formed-by-characters,False,12,0.0003753166734432177,28106,0.8790542019829231
diameter-of-n-ary-tree,False,12,0.0003753166734432177,28118,0.8794295186563663
contiguous-array,False,12,0.0003753166734432177,28130,0.8798048353298096
smallest-number-in-infinite-set,False,12,0.0003753166734432177,28142,0.8801801520032527
friends-of-appropriate-ages,False,12,0.0003753166734432177,28154,0.880555468676696
palindrome-permutation-ii,False,12,0.0003753166734432177,28166,0.8809307853501391
solve-the-equation,False,12,0.0003753166734432177,28178,0.8813061020235824
divide-intervals-into-minimum-number-of-groups,False,12,0.0003753166734432177,28190,0.8816814186970257
parse-lisp-expression,False,12,0.0003753166734432177,28202,0.8820567353704688
sum-of-nodes-with-even-valued-grandparent,False,12,0.0003753166734432177,28214,0.8824320520439121
diagonal-traverse,False,12,0.0003753166734432177,28226,0.8828073687173553
ones-and-zeroes,False,12,0.0003753166734432177,28238,0.8831826853907985
minimum-jumps-to-reach-home,False,12,0.0003753166734432177,28250,0.8835580020642417
game-of-life,False,12,0.0003753166734432177,28262,0.8839333187376849
minimum-insertion-steps-to-make-a-string-palindrome,False,12,0.0003753166734432177,28274,0.8843086354111281
global-and-local-inversions,False,12,0.0003753166734432177,28286,0.8846839520845714
gray-code,False,12,0.0003753166734432177,28298,0.8850592687580146
jump-game-v,False,12,0.0003753166734432177,28310,0.8854345854314578
minimize-hamming-distance-after-swap-operations,False,12,0.0003753166734432177,28322,0.885809902104901
unique-morse-code-words,False,12,0.0003753166734432177,28334,0.8861852187783442
make-two-arrays-equal-by-reversing-subarrays,False,12,0.0003753166734432177,28346,0.8865605354517875
total-hamming-distance,False,12,0.0003753166734432177,28358,0.8869358521252306
array-of-doubled-pairs,False,12,0.0003753166734432177,28370,0.8873111687986739
reorder-routes-to-make-all-paths-lead-to-the-city-zero,False,12,0.0003753166734432177,28382,0.8876864854721171
reorder-list,False,12,0.0003753166734432177,28394,0.8880618021455603
new-21-game,False,12,0.0003753166734432177,28406,0.8884371188190036
balance-a-binary-search-tree,False,12,0.0003753166734432177,28418,0.8888124354924467
remove-element,False,12,0.0003753166734432177,28430,0.88918775216589
push-dominoes,False,12,0.0003753166734432177,28442,0.8895630688393332
word-squares,False,12,0.0003753166734432177,28454,0.8899383855127764
making-file-names-unique,False,12,0.0003753166734432177,28466,0.8903137021862196
longest-repeating-substring,False,12,0.0003753166734432177,28478,0.8906890188596629
random-pick-index,False,12,0.0003753166734432177,28490,0.891064335533106
relative-sort-array,False,12,0.0003753166734432177,28502,0.8914396522065493
find-a-peak-element-ii,False,12,0.0003753166734432177,28514,0.8918149688799925
find-a-corresponding-node-of-a-binary-tree-in-a-clone-of-that-tree,False,12,0.0003753166734432177,28526,0.8921902855534357
rearrange-characters-to-make-target-string,False,12,0.0003753166734432177,28538,0.892565602226879
non-overlapping-intervals,False,12,0.0003753166734432177,28550,0.8929409189003221
number-of-digit-one,False,12,0.0003753166734432177,28562,0.8933162355737654
strings-differ-by-one-character,False,12,0.0003753166734432177,28574,0.8936915522472085
fair-candy-swap,False,12,0.0003753166734432177,28586,0.8940668689206518
longest-substring-with-at-least-k-repeating-characters,False,12,0.0003753166734432177,28598,0.894442185594095
minimum-operations-to-make-a-uni-value-grid,False,12,0.0003753166734432177,28610,0.8948175022675382
rings-and-rods,False,12,0.0003753166734432177,28622,0.8951928189409815
print-immutable-linked-list-in-reverse,False,12,0.0003753166734432177,28634,0.8955681356144247
subsets-ii,False,12,0.0003753166734432177,28646,0.8959434522878679
allocate-mailboxes,False,12,0.0003753166734432177,28658,0.8963187689613111
find-duplicate-file-in-system,False,12,0.0003753166734432177,28670,0.8966940856347543
stone-game,False,12,0.0003753166734432177,28682,0.8970694023081975
find-common-characters,False,12,0.0003753166734432177,28694,0.8974447189816408
n-th-tribonacci-number,False,12,0.0003753166734432177,28706,0.897820035655084
n-queens,False,12,0.0003753166734432177,28718,0.8981953523285272
binary-tree-longest-consecutive-sequence-ii,False,12,0.0003753166734432177,28730,0.8985706690019705
stone-game-ii,False,12,0.0003753166734432177,28742,0.8989459856754136
longest-absolute-file-path,False,12,0.0003753166734432177,28754,0.8993213023488569
reverse-linked-list-ii,False,12,0.0003753166734432177,28766,0.8996966190223
my-calendar-ii,False,12,0.0003753166734432177,28778,0.9000719356957433
angle-between-hands-of-a-clock,False,11,0.0003440402839896162,28789,0.9004159759797329
number-of-enclaves,False,10,0.0003127638945360148,28799,0.9007287398742689
minimum-swaps-to-make-sequences-increasing,False,10,0.0003127638945360148,28809,0.9010415037688049
number-of-restricted-paths-from-first-to-last-node,False,10,0.0003127638945360148,28819,0.9013542676633409
find-the-winner-of-the-circular-game,False,10,0.0003127638945360148,28829,0.901667031557877
substrings-that-begin-and-end-with-the-same-letter,False,10,0.0003127638945360148,28839,0.901979795452413
contain-virus,False,10,0.0003127638945360148,28849,0.902292559346949
divide-chocolate,False,10,0.0003127638945360148,28859,0.902605323241485
find-distance-in-a-binary-tree,False,10,0.0003127638945360148,28869,0.9029180871360211
number-of-unique-good-subsequences,False,10,0.0003127638945360148,28879,0.903230851030557
sum-of-all-subset-xor-totals,False,10,0.0003127638945360148,28889,0.903543614925093
string-transforms-into-another-string,False,10,0.0003127638945360148,28899,0.9038563788196291
combination-sum-iv,False,10,0.0003127638945360148,28909,0.904169142714165
find-all-people-with-secret,False,10,0.0003127638945360148,28919,0.9044819066087011
next-closest-time,False,10,0.0003127638945360148,28929,0.9047946705032371
egg-drop-with-2-eggs-and-n-floors,False,10,0.0003127638945360148,28939,0.9051074343977731
132-pattern,False,10,0.0003127638945360148,28949,0.9054201982923091
construct-binary-tree-from-inorder-and-postorder-traversal,False,10,0.0003127638945360148,28959,0.9057329621868452
numbers-at-most-n-given-digit-set,False,10,0.0003127638945360148,28969,0.9060457260813811
split-array-with-equal-sum,False,10,0.0003127638945360148,28979,0.9063584899759172
guess-the-word,False,10,0.0003127638945360148,28989,0.9066712538704532
car-fleet-ii,False,10,0.0003127638945360148,28999,0.9069840177649892
delete-duplicate-folders-in-system,False,10,0.0003127638945360148,29009,0.9072967816595252
smallest-rectangle-enclosing-black-pixels,False,10,0.0003127638945360148,29019,0.9076095455540613
least-number-of-unique-integers-after-k-removals,False,10,0.0003127638945360148,29029,0.9079223094485973
third-maximum-number,False,10,0.0003127638945360148,29039,0.9082350733431332
clone-binary-tree-with-random-pointer,False,10,0.0003127638945360148,29049,0.9085478372376693
longest-common-subpath,False,10,0.0003127638945360148,29059,0.9088606011322053
restore-ip-addresses,False,10,0.0003127638945360148,29069,0.9091733650267413
toeplitz-matrix,False,10,0.0003127638945360148,29079,0.9094861289212773
repeated-substring-pattern,False,10,0.0003127638945360148,29089,0.9097988928158134
process-restricted-friend-requests,False,10,0.0003127638945360148,29099,0.9101116567103493
longest-well-performing-interval,False,10,0.0003127638945360148,29109,0.9104244206048854
remove-covered-intervals,False,10,0.0003127638945360148,29119,0.9107371844994214
queue-reconstruction-by-height,False,10,0.0003127638945360148,29129,0.9110499483939574
bold-words-in-string,False,10,0.0003127638945360148,29139,0.9113627122884934
matchsticks-to-square,False,10,0.0003127638945360148,29149,0.9116754761830295
couples-holding-hands,False,10,0.0003127638945360148,29159,0.9119882400775654
unique-binary-search-trees-ii,False,10,0.0003127638945360148,29169,0.9123010039721015
unique-binary-search-trees,False,10,0.0003127638945360148,29179,0.9126137678666375
counting-words-with-a-given-prefix,False,10,0.0003127638945360148,29189,0.9129265317611734
uncommon-words-from-two-sentences,False,10,0.0003127638945360148,29199,0.9132392956557095
largest-bst-subtree,False,10,0.0003127638945360148,29209,0.9135520595502455
merge-bsts-to-create-single-bst,False,10,0.0003127638945360148,29219,0.9138648234447815
increasing-order-search-tree,False,10,0.0003127638945360148,29229,0.9141775873393175
minimum-cost-to-set-cooking-time,False,10,0.0003127638945360148,29239,0.9144903512338536
contains-duplicate-iii,False,10,0.0003127638945360148,29249,0.9148031151283896
frog-jump,False,10,0.0003127638945360148,29259,0.9151158790229256
minimum-number-of-days-to-eat-n-oranges,False,10,0.0003127638945360148,29269,0.9154286429174616
parallel-courses,False,10,0.0003127638945360148,29279,0.9157414068119977
minimum-knight-moves,False,10,0.0003127638945360148,29289,0.9160541707065336
single-number-ii,False,10,0.0003127638945360148,29299,0.9163669346010697
design-phone-directory,False,10,0.0003127638945360148,29309,0.9166796984956057
shortest-word-distance-ii,False,10,0.0003127638945360148,29319,0.9169924623901416
check-if-n-and-its-double-exist,False,10,0.0003127638945360148,29329,0.9173052262846777
minimum-cost-to-cut-a-stick,False,10,0.0003127638945360148,29339,0.9176179901792137
valid-square,False,10,0.0003127638945360148,29349,0.9179307540737497
delete-operation-for-two-strings,False,10,0.0003127638945360148,29359,0.9182435179682857
shifting-letters,False,10,0.0003127638945360148,29369,0.9185562818628218
design-an-expression-tree-with-evaluate-function,False,10,0.0003127638945360148,29379,0.9188690457573577
swap-nodes-in-pairs,False,10,0.0003127638945360148,29389,0.9191818096518938
shortest-distance-from-all-buildings,False,9,0.0002814875050824133,29398,0.9194632971569762
parsing-a-boolean-expression,False,9,0.0002814875050824133,29407,0.9197447846620586
student-attendance-record-ii,False,9,0.0002814875050824133,29416,0.9200262721671411
rotate-function,False,9,0.0002814875050824133,29425,0.9203077596722234
robot-bounded-in-circle,False,9,0.0002814875050824133,29434,0.9205892471773058
add-digits,False,9,0.0002814875050824133,29443,0.9208707346823882
valid-sudoku,False,9,0.0002814875050824133,29452,0.9211522221874707
sequence-reconstruction,False,9,0.0002814875050824133,29461,0.9214337096925531
queens-that-can-attack-the-king,False,9,0.0002814875050824133,29470,0.9217151971976355
transpose-matrix,False,9,0.0002814875050824133,29479,0.9219966847027179
sum-of-all-odd-length-subarrays,False,9,0.0002814875050824133,29488,0.9222781722078003
search-in-a-sorted-array-of-unknown-size,False,9,0.0002814875050824133,29497,0.9225596597128828
best-time-to-buy-and-sell-stock-with-transaction-fee,False,9,0.0002814875050824133,29506,0.9228411472179652
find-right-interval,False,9,0.0002814875050824133,29515,0.9231226347230476
increasing-decreasing-string,False,9,0.0002814875050824133,29524,0.92340412222813
count-univalue-subtrees,False,9,0.0002814875050824133,29533,0.9236856097332123
binary-tree-pruning,False,9,0.0002814875050824133,29542,0.9239670972382948
minimum-replacements-to-sort-the-array,False,9,0.0002814875050824133,29551,0.9242485847433772
maximum-difference-between-node-and-ancestor,False,9,0.0002814875050824133,29560,0.9245300722484596
cracking-the-safe,False,9,0.0002814875050824133,29569,0.924811559753542
flip-equivalent-binary-trees,False,9,0.0002814875050824133,29578,0.9250930472586245
maximum-number-of-events-that-can-be-attended,False,9,0.0002814875050824133,29587,0.9253745347637069
count-negative-numbers-in-a-sorted-matrix,False,9,0.0002814875050824133,29596,0.9256560222687893
count-integers-in-intervals,False,9,0.0002814875050824133,29605,0.9259375097738717
maximum-number-of-occurrences-of-a-substring,False,9,0.0002814875050824133,29614,0.9262189972789541
bomb-enemy,False,9,0.0002814875050824133,29623,0.9265004847840366
flower-planting-with-no-adjacent,False,9,0.0002814875050824133,29632,0.926781972289119
maximum-product-of-three-numbers,False,9,0.0002814875050824133,29641,0.9270634597942013
minimum-falling-path-sum,False,9,0.0002814875050824133,29650,0.9273449472992837
minimum-genetic-mutation,False,9,0.0002814875050824133,29659,0.9276264348043661
cells-with-odd-values-in-a-matrix,False,9,0.0002814875050824133,29668,0.9279079223094486
minimum-difference-in-sums-after-removal-of-elements,False,9,0.0002814875050824133,29677,0.928189409814531
concatenation-of-consecutive-binary-numbers,False,9,0.0002814875050824133,29686,0.9284708973196134
delete-node-in-a-linked-list,False,9,0.0002814875050824133,29695,0.9287523848246958
largest-number,False,9,0.0002814875050824133,29704,0.9290338723297783
minimum-cost-to-move-chips-to-the-same-position,False,9,0.0002814875050824133,29713,0.9293153598348607
minimum-cost-to-connect-sticks,False,9,0.0002814875050824133,29722,0.9295968473399431
longest-arithmetic-subsequence-of-given-difference,False,9,0.0002814875050824133,29731,0.9298783348450255
maximum-length-of-pair-chain,False,8,0.00025021111562881183,29739,0.9301285459606543
find-k-th-smallest-pair-distance,False,8,0.00025021111562881183,29747,0.9303787570762831
find-if-path-exists-in-graph,False,8,0.00025021111562881183,29755,0.9306289681919119
check-if-an-original-string-exists-given-two-encoded-strings,False,8,0.00025021111562881183,29763,0.9308791793075407
minimize-deviation-in-array,False,8,0.00025021111562881183,29771,0.9311293904231696
maximum-distance-between-a-pair-of-values,False,8,0.00025021111562881183,29779,0.9313796015387984
divide-array-in-sets-of-k-consecutive-numbers,False,8,0.00025021111562881183,29787,0.9316298126544271
maximum-frequency-stack,False,8,0.00025021111562881183,29795,0.931880023770056
find-all-numbers-disappeared-in-an-array,False,8,0.00025021111562881183,29803,0.9321302348856848
stone-game-iii,False,8,0.00025021111562881183,29811,0.9323804460013136
stone-game-v,False,8,0.00025021111562881183,29819,0.9326306571169424
maximum-side-length-of-a-square-with-sum-less-than-or-equal-to-threshold,False,8,0.00025021111562881183,29827,0.9328808682325712
possible-bipartition,False,8,0.00025021111562881183,29835,0.9331310793482
all-oone-data-structure,False,8,0.00025021111562881183,29843,0.9333812904638289
prefix-and-suffix-search,False,8,0.00025021111562881183,29851,0.9336315015794576
print-binary-tree,False,8,0.00025021111562881183,29859,0.9338817126950865
backspace-string-compare,False,8,0.00025021111562881183,29867,0.9341319238107153
find-largest-value-in-each-tree-row,False,8,0.00025021111562881183,29875,0.9343821349263441
find-bottom-left-tree-value,False,8,0.00025021111562881183,29883,0.9346323460419729
all-paths-from-source-to-target,False,8,0.00025021111562881183,29891,0.9348825571576017
stone-game-vii,False,8,0.00025021111562881183,29899,0.9351327682732306
zigzag-iterator,False,8,0.00025021111562881183,29907,0.9353829793888594
maximize-the-confusion-of-an-exam,False,8,0.00025021111562881183,29915,0.9356331905044881
single-number,False,8,0.00025021111562881183,29923,0.935883401620117
rotate-string,False,8,0.00025021111562881183,29931,0.9361336127357458
k-radius-subarray-averages,False,8,0.00025021111562881183,29939,0.9363838238513746
nth-magical-number,False,8,0.00025021111562881183,29947,0.9366340349670034
reveal-cards-in-increasing-order,False,8,0.00025021111562881183,29955,0.9368842460826322
iterator-for-combination,False,8,0.00025021111562881183,29963,0.937134457198261
ipo,False,8,0.00025021111562881183,29971,0.9373846683138899
invalid-transactions,False,8,0.00025021111562881183,29979,0.9376348794295186
integer-replacement,False,8,0.00025021111562881183,29987,0.9378850905451475
reordered-power-of-2,False,8,0.00025021111562881183,29995,0.9381353016607763
camelcase-matching,False,8,0.00025021111562881183,30003,0.9383855127764051
brace-expansion-ii,False,8,0.00025021111562881183,30011,0.9386357238920339
shortest-path-in-a-hidden-grid,False,8,0.00025021111562881183,30019,0.9388859350076627
increasing-subsequences,False,8,0.00025021111562881183,30027,0.9391361461232915
shortest-word-distance,False,8,0.00025021111562881183,30035,0.9393863572389204
lowest-common-ancestor-of-a-binary-search-tree,True,8,0.00025021111562881183,30043,0.9396365683545491
recover-a-tree-from-preorder-traversal,False,8,0.00025021111562881183,30051,0.939886779470178
remove-duplicates-from-sorted-array-ii,False,8,0.00025021111562881183,30059,0.9401369905858068
remove-duplicate-letters,False,8,0.00025021111562881183,30067,0.9403872017014356
candy-crush,False,8,0.00025021111562881183,30075,0.9406374128170644
remove-all-ones-with-row-and-column-flips-ii,False,8,0.00025021111562881183,30083,0.9408876239326932
smallest-sufficient-team,False,8,0.00025021111562881183,30091,0.941137835048322
remove-all-adjacent-duplicates-in-string-ii,False,8,0.00025021111562881183,30099,0.9413880461639509
map-sum-pairs,False,8,0.00025021111562881183,30107,0.9416382572795796
find-the-smallest-divisor-given-a-threshold,False,8,0.00025021111562881183,30115,0.9418884683952085
find-the-most-competitive-subsequence,False,8,0.00025021111562881183,30123,0.9421386795108373
sort-features-by-popularity,False,8,0.00025021111562881183,30131,0.9423888906264661
find-the-celebrity,False,8,0.00025021111562881183,30139,0.9426391017420949
sort-items-by-groups-respecting-dependencies,False,8,0.00025021111562881183,30147,0.9428893128577237
permutations-ii,False,8,0.00025021111562881183,30155,0.9431395239733525
sort-transformed-array,False,8,0.00025021111562881183,30163,0.9433897350889813
minimize-rounding-error-to-meet-target,False,8,0.00025021111562881183,30171,0.9436399462046101
assign-cookies,False,8,0.00025021111562881183,30179,0.943890157320239
online-stock-span,False,8,0.00025021111562881183,30187,0.9441403684358678
throne-inheritance,False,8,0.00025021111562881183,30195,0.9443905795514965
cut-off-trees-for-golf-event,False,8,0.00025021111562881183,30203,0.9446407906671254
minimum-moves-to-move-a-box-to-their-target-location,False,8,0.00025021111562881183,30211,0.9448910017827542
number-of-ways-of-cutting-a-pizza,False,8,0.00025021111562881183,30219,0.945141212898383
parallel-courses-ii,False,8,0.00025021111562881183,30227,0.9453914240140118
coloring-a-border,False,8,0.00025021111562881183,30235,0.9456416351296406
customer-order-frequency,False,8,0.00025021111562881183,30243,0.9458918462452695
transform-to-chessboard,False,8,0.00025021111562881183,30251,0.9461420573608983
minimum-number-of-flips-to-make-the-binary-string-alternating,False,8,0.00025021111562881183,30259,0.946392268476527
palindrome-partitioning-ii,False,8,0.00025021111562881183,30267,0.9466424795921559
big-countries,False,8,0.00025021111562881183,30275,0.9468926907077847
cousins-in-binary-tree,False,8,0.00025021111562881183,30283,0.9471429018234135
course-schedule-iv,False,8,0.00025021111562881183,30291,0.9473931129390423
trim-a-binary-search-tree,False,8,0.00025021111562881183,30299,0.9476433240546711
most-frequent-subtree-sum,False,8,0.00025021111562881183,30307,0.9478935351703
clone-n-ary-tree,False,8,0.00025021111562881183,30315,0.9481437462859288
minimum-number-of-removals-to-make-mountain-array,False,8,0.00025021111562881183,30323,0.9483939574015575
count-subarrays-with-score-less-than-k,False,8,0.00025021111562881183,30331,0.9486441685171864
two-sum-less-than-k,False,8,0.00025021111562881183,30339,0.9488943796328152
convert-a-number-to-hexadecimal,False,8,0.00025021111562881183,30347,0.949144590748444
closest-node-to-path-in-tree,False,8,0.00025021111562881183,30355,0.9493948018640728
online-election,False,8,0.00025021111562881183,30363,0.9496450129797016
number-of-sub-arrays-with-odd-sum,False,8,0.00025021111562881183,30371,0.9498952240953304
count-number-of-rectangles-containing-each-point,False,8,0.00025021111562881183,30379,0.9501454352109593
minimum-time-to-collect-all-apples-in-a-tree,False,8,0.00025021111562881183,30387,0.950395646326588
number-of-submatrices-that-sum-to-target,False,8,0.00025021111562881183,30395,0.9506458574422169
closest-leaf-in-a-binary-tree,False,8,0.00025021111562881183,30403,0.9508960685578457
utf-8-validation,False,8,0.00025021111562881183,30411,0.9511462796734745
my-calendar-iii,False,8,0.00025021111562881183,30419,0.9513964907891033
count-nodes-equal-to-sum-of-descendants,False,8,0.00025021111562881183,30427,0.9516467019047321
3sum-smaller,False,8,0.00025021111562881183,30435,0.951896913020361
minimum-cost-to-hire-k-workers,False,8,0.00025021111562881183,30443,0.9521471241359898
minimum-average-difference,False,8,0.00025021111562881183,30451,0.9523973352516185
construct-string-from-binary-tree,False,8,0.00025021111562881183,30459,0.9526475463672474
number-of-matching-subsequences,False,8,0.00025021111562881183,30467,0.9528977574828762
minimum-cost-to-change-the-final-value-of-expression,False,8,0.00025021111562881183,30475,0.953147968598505
construct-quad-tree,False,8,0.00025021111562881183,30483,0.9533981797141338
airplane-seat-assignment-probability,False,8,0.00025021111562881183,30491,0.9536483908297626
path-sum-iv,False,8,0.00025021111562881183,30499,0.9538986019453914
consecutive-numbers-sum,False,8,0.00025021111562881183,30507,0.9541488130610203
2-keys-keyboard,False,8,0.00025021111562881183,30515,0.954399024176649
all-people-report-to-the-given-manager,False,7,0.00021893472617521032,30522,0.9546179589028243
guess-number-higher-or-lower-ii,False,6,0.00018765833672160885,30528,0.9548056172395458
search-in-a-binary-search-tree,False,6,0.00018765833672160885,30534,0.9549932755762675
single-number-iii,False,6,0.00018765833672160885,30540,0.9551809339129891
k-concatenation-maximum-sum,False,6,0.00018765833672160885,30546,0.9553685922497107
walking-robot-simulation,False,6,0.00018765833672160885,30552,0.9555562505864323
can-place-flowers,False,6,0.00018765833672160885,30558,0.9557439089231539
fruit-into-baskets,False,6,0.00018765833672160885,30564,0.9559315672598755
height-checker,False,6,0.00018765833672160885,30570,0.9561192255965971
combination-sum-iii,False,6,0.00018765833672160885,30576,0.9563068839333188
word-subsets,False,6,0.00018765833672160885,30582,0.9564945422700404
count-and-say,False,6,0.00018765833672160885,30588,0.9566822006067619
knight-dialer,False,6,0.00018765833672160885,30594,0.9568698589434835
wiggle-sort,False,6,0.00018765833672160885,30600,0.9570575172802052
high-five,False,6,0.00018765833672160885,30606,0.9572451756169268
jump-game-vii,False,6,0.00018765833672160885,30612,0.9574328339536484
jump-game-iii,False,6,0.00018765833672160885,30618,0.95762049229037
coin-change-ii,False,6,0.00018765833672160885,30624,0.9578081506270916
image-overlap,False,6,0.00018765833672160885,30630,0.9579958089638132
implement-queue-using-stacks,True,6,0.00018765833672160885,30636,0.9581834673005348
jewels-and-stones,False,6,0.00018765833672160885,30642,0.9583711256372565
web-crawler-multithreaded,False,6,0.00018765833672160885,30648,0.9585587839739781
sentence-similarity,False,6,0.00018765833672160885,30654,0.9587464423106996
water-and-jug-problem,False,6,0.00018765833672160885,30660,0.9589341006474212
interval-list-intersections,False,6,0.00018765833672160885,30666,0.9591217589841429
insufficient-nodes-in-root-to-leaf-paths,False,6,0.00018765833672160885,30672,0.9593094173208645
insert-into-a-binary-search-tree,False,6,0.00018765833672160885,30678,0.9594970756575861
shortest-impossible-sequence-of-rolls,False,6,0.00018765833672160885,30684,0.9596847339943076
vowel-spellchecker,False,6,0.00018765833672160885,30690,0.9598723923310293
sum-of-two-integers,False,6,0.00018765833672160885,30696,0.9600600506677509
count-number-of-bad-pairs,False,6,0.00018765833672160885,30702,0.9602477090044725
substring-with-concatenation-of-all-words,False,6,0.00018765833672160885,30708,0.9604353673411942
fancy-sequence,False,6,0.00018765833672160885,30714,0.9606230256779157
delete-node-in-a-bst,False,6,0.00018765833672160885,30720,0.9608106840146373
strobogrammatic-number-iii,False,6,0.00018765833672160885,30726,0.960998342351359
excel-sheet-column-number,False,6,0.00018765833672160885,30732,0.9611860006880806
exam-room,False,6,0.00018765833672160885,30738,0.9613736590248022
last-stone-weight,False,6,0.00018765833672160885,30744,0.9615613173615238
design-a-stack-with-increment-operation,False,6,0.00018765833672160885,30750,0.9617489756982454
check-if-one-string-swap-can-make-strings-equal,False,6,0.00018765833672160885,30756,0.961936634034967
design-linked-list,False,6,0.00018765833672160885,30762,0.9621242923716886
check-if-array-pairs-are-divisible-by-k,False,6,0.00018765833672160885,30768,0.9623119507084102
evaluate-boolean-binary-tree,False,6,0.00018765833672160885,30774,0.9624996090451319
equal-tree-partition,False,6,0.00018765833672160885,30780,0.9626872673818534
employee-free-time,False,6,0.00018765833672160885,30786,0.962874925718575
duplicate-zeros,False,6,0.00018765833672160885,30792,0.9630625840552967
design-underground-system,False,6,0.00018765833672160885,30798,0.9632502423920183
sum-of-square-numbers,False,6,0.00018765833672160885,30804,0.9634379007287399
sum-of-unique-elements,False,6,0.00018765833672160885,30810,0.9636255590654614
sum-of-subsequence-widths,False,6,0.00018765833672160885,30816,0.9638132174021831
decoded-string-at-index,False,6,0.00018765833672160885,30822,0.9640008757389047
adding-spaces-to-a-string,False,6,0.00018765833672160885,30828,0.9641885340756263
count-number-of-pairs-with-absolute-difference-k,False,6,0.00018765833672160885,30834,0.964376192412348
sparse-matrix-multiplication,False,6,0.00018765833672160885,30840,0.9645638507490695
find-unique-binary-string,False,6,0.00018765833672160885,30846,0.9647515090857911
unique-email-addresses,False,6,0.00018765833672160885,30852,0.9649391674225127
find-the-city-with-the-smallest-number-of-neighbors-at-a-threshold-distance,False,6,0.00018765833672160885,30858,0.9651268257592344
count-pairs-of-nodes,False,6,0.00018765833672160885,30864,0.965314484095956
count-special-integers,False,6,0.00018765833672160885,30870,0.9655021424326776
find-target-indices-after-sorting-array,False,6,0.00018765833672160885,30876,0.9656898007693991
distinct-numbers-in-each-subarray,False,6,0.00018765833672160885,30882,0.9658774591061208
ugly-number-iii,False,6,0.00018765833672160885,30888,0.9660651174428424
special-array-with-x-elements-greater-than-or-equal-x,False,6,0.00018765833672160885,30894,0.966252775779564
string-matching-in-an-array,False,6,0.00018765833672160885,30900,0.9664404341162857
course-schedule-iii,False,6,0.00018765833672160885,30906,0.9666280924530072
find-k-length-substrings-with-no-repeated-characters,False,6,0.00018765833672160885,30912,0.9668157507897288
check-if-a-parentheses-string-can-be-valid,False,6,0.00018765833672160885,30918,0.9670034091264504
find-in-mountain-array,False,6,0.00018765833672160885,30924,0.9671910674631721
stone-game-iv,False,6,0.00018765833672160885,30930,0.9673787257998937
toss-strange-coins,False,6,0.00018765833672160885,30936,0.9675663841366152
cyclically-rotating-a-grid,False,6,0.00018765833672160885,30942,0.9677540424733369
string-compression-ii,False,6,0.00018765833672160885,30948,0.9679417008100585
evaluate-the-bracket-pairs-of-a-string,False,6,0.00018765833672160885,30954,0.9681293591467801
search-in-rotated-sorted-array-ii,False,6,0.00018765833672160885,30960,0.9683170174835017
max-increase-to-keep-city-skyline,False,6,0.00018765833672160885,30966,0.9685046758202233
remove-sub-folders-from-the-filesystem,False,6,0.00018765833672160885,30972,0.9686923341569449
minimum-swaps-to-group-all-1s-together-ii,False,6,0.00018765833672160885,30978,0.9688799924936665
reachable-nodes-in-subdivided-graph,False,6,0.00018765833672160885,30984,0.9690676508303881
minimum-time-to-finish-the-race,False,6,0.00018765833672160885,30990,0.9692553091671098
maximum-average-pass-ratio,False,6,0.00018765833672160885,30996,0.9694429675038314
number-of-ways-to-rearrange-sticks-with-k-sticks-visible,False,6,0.00018765833672160885,31002,0.9696306258405529
rectangle-area,False,6,0.00018765833672160885,31008,0.9698182841772746
rectangle-overlap,False,6,0.00018765833672160885,31014,0.9700059425139962
max-consecutive-ones-ii,False,6,0.00018765833672160885,31020,0.9701936008507178
max-consecutive-ones,False,6,0.00018765833672160885,31026,0.9703812591874394
matrix-diagonal-sum,False,6,0.00018765833672160885,31032,0.970568917524161
number-of-visible-people-in-a-queue,False,6,0.00018765833672160885,31038,0.9707565758608826
map-of-highest-peak,False,6,0.00018765833672160885,31044,0.9709442341976042
remove-boxes,False,6,0.00018765833672160885,31050,0.9711318925343259
remove-duplicates-from-sorted-list-ii,False,6,0.00018765833672160885,31056,0.9713195508710475
make-array-strictly-increasing,False,6,0.00018765833672160885,31062,0.971507209207769
most-common-word,False,6,0.00018765833672160885,31068,0.9716948675444906
number-of-people-aware-of-a-secret,False,6,0.00018765833672160885,31074,0.9718825258812123
lowest-common-ancestor-of-a-binary-tree-iv,False,6,0.00018765833672160885,31080,0.9720701842179339
move-pieces-to-obtain-a-string,False,6,0.00018765833672160885,31086,0.9722578425546555
number-of-music-playlists,False,6,0.00018765833672160885,31092,0.972445500891377
remove-outermost-parentheses,False,6,0.00018765833672160885,31098,0.9726331592280987
maximum-non-negative-product-in-a-matrix,False,6,0.00018765833672160885,31104,0.9728208175648203
minimum-subsequence-in-non-increasing-order,False,6,0.00018765833672160885,31110,0.9730084759015419
pyramid-transition-matrix,False,6,0.00018765833672160885,31116,0.9731961342382636
paint-house,False,6,0.00018765833672160885,31122,0.9733837925749852
minimum-moves-to-equal-array-elements-ii,False,6,0.00018765833672160885,31128,0.9735714509117067
minimum-initial-energy-to-finish-tasks,False,6,0.00018765833672160885,31134,0.9737591092484283
minimum-falling-path-sum-ii,False,6,0.00018765833672160885,31140,0.97394676758515
minimum-number-of-arrows-to-burst-balloons,False,6,0.00018765833672160885,31146,0.9741344259218716
palindrome-permutation,False,6,0.00018765833672160885,31152,0.9743220842585932
combine-two-tables,False,6,0.00018765833672160885,31158,0.9745097425953148
minimum-difficulty-of-a-job-schedule,False,6,0.00018765833672160885,31164,0.9746974009320364
minimum-number-of-operations-to-convert-time,False,6,0.00018765833672160885,31170,0.974885059268758
minimum-difference-between-largest-and-smallest-value-in-three-moves,False,6,0.00018765833672160885,31176,0.9750727176054796
paths-in-matrix-whose-sum-is-divisible-by-k,False,6,0.00018765833672160885,31182,0.9752603759422013
maximum-product-of-word-lengths,False,6,0.00018765833672160885,31188,0.9754480342789228
minimum-adjacent-swaps-to-reach-the-kth-smallest-number,False,6,0.00018765833672160885,31194,0.9756356926156444
optimize-water-distribution-in-a-village,False,6,0.00018765833672160885,31200,0.975823350952366
meeting-scheduler,False,6,0.00018765833672160885,31206,0.9760110092890877
maximum-width-ramp,False,6,0.00018765833672160885,31212,0.9761986676258093
maximum-vacation-days,False,6,0.00018765833672160885,31218,0.9763863259625308
optimal-partition-of-string,False,6,0.00018765833672160885,31224,0.9765739842992525
minimum-operations-to-make-the-array-k-increasing,False,6,0.00018765833672160885,31230,0.9767616426359741
minimum-speed-to-arrive-on-time,False,6,0.00018765833672160885,31236,0.9769493009726957
maximum-score-from-performing-multiplication-operations,False,6,0.00018765833672160885,31242,0.9771369593094174
remove-stones-to-minimize-the-total,False,6,0.00018765833672160885,31248,0.977324617646139
minimum-non-zero-product-of-the-array-elements,False,6,0.00018765833672160885,31254,0.9775122759828605
linked-list-components,False,6,0.00018765833672160885,31260,0.9776999343195821
repeated-string-match,False,6,0.00018765833672160885,31266,0.9778875926563038
reverse-bits,False,6,0.00018765833672160885,31272,0.9780752509930254
nim-game,False,6,0.00018765833672160885,31278,0.978262909329747
reshape-the-matrix,False,6,0.00018765833672160885,31284,0.9784505676664685
brightest-position-on-street,False,6,0.00018765833672160885,31290,0.9786382260031902
non-decreasing-array,False,6,0.00018765833672160885,31296,0.9788258843399118
best-poker-hand,False,6,0.00018765833672160885,31302,0.9790135426766334
nearest-exit-from-entrance-in-maze,False,6,0.00018765833672160885,31308,0.9792012010133551
line-reflection,False,6,0.00018765833672160885,31314,0.9793888593500766
longest-palindromic-subsequence,False,6,0.00018765833672160885,31320,0.9795765176867982
n-ary-tree-postorder-traversal,False,6,0.00018765833672160885,31326,0.9797641760235198
longest-univalue-path,False,6,0.00018765833672160885,31332,0.9799518343602415
bricks-falling-when-hit,False,6,0.00018765833672160885,31338,0.9801394926969631
longest-substring-with-at-most-two-distinct-characters,False,6,0.00018765833672160885,31344,0.9803271510336846
count-sorted-vowel-strings,False,5,0.0001563819472680074,31349,0.9804835329809527
word-frequency,False,5,0.0001563819472680074,31354,0.9806399149282207
remove-interval,False,5,0.0001563819472680074,31359,0.9807962968754887
element-appearing-more-than-25-in-sorted-array,False,5,0.0001563819472680074,31364,0.9809526788227567
valid-phone-numbers,False,5,0.0001563819472680074,31369,0.9811090607700247
validate-ip-address,False,5,0.0001563819472680074,31374,0.9812654427172928
nth-highest-salary,False,5,0.0001563819472680074,31379,0.9814218246645607
permutation-sequence,False,4,0.00012510555781440592,31383,0.9815469302223752
distinct-subsequences,False,4,0.00012510555781440592,31387,0.9816720357801896
binary-searchable-numbers-in-an-unsorted-array,False,4,0.00012510555781440592,31391,0.9817971413380039
powerful-integers,False,4,0.00012510555781440592,31395,0.9819222468958183
kth-missing-positive-number,False,4,0.00012510555781440592,31399,0.9820473524536327
distribute-candies-to-people,False,4,0.00012510555781440592,31403,0.9821724580114471
perfect-rectangle,False,4,0.00012510555781440592,31407,0.9822975635692616
check-if-the-sentence-is-pangram,False,4,0.00012510555781440592,31411,0.982422669127076
minimum-number-of-vertices-to-reach-all-nodes,False,4,0.00012510555781440592,31415,0.9825477746848904
min-cost-climbing-stairs,False,4,0.00012510555781440592,31419,0.9826728802427048
plus-one-linked-list,False,4,0.00012510555781440592,31423,0.9827979858005191
word-pattern,False,4,0.00012510555781440592,31427,0.9829230913583336
domino-and-tromino-tiling,False,4,0.00012510555781440592,31431,0.983048196916148
check-if-string-is-a-prefix-of-array,False,4,0.00012510555781440592,31435,0.9831733024739624
nth-digit,False,4,0.00012510555781440592,31439,0.9832984080317768
maximum-sum-score-of-array,False,4,0.00012510555781440592,31443,0.9834235135895912
base-7,False,4,0.00012510555781440592,31447,0.9835486191474057
elimination-game,False,4,0.00012510555781440592,31451,0.9836737247052201
k-similar-strings,False,4,0.00012510555781440592,31455,0.9837988302630344
encode-string-with-shortest-length,False,4,0.00012510555781440592,31459,0.9839239358208488
sales-analysis-ii,False,4,0.00012510555781440592,31463,0.9840490413786632
detect-capital,False,4,0.00012510555781440592,31467,0.9841741469364776
minimum-cost-to-merge-stones,False,4,0.00012510555781440592,31471,0.9842992524942921
super-pow,False,4,0.00012510555781440592,31475,0.9844243580521065
root-equals-sum-of-children,False,4,0.00012510555781440592,31479,0.9845494636099209
add-to-array-form-of-integer,False,4,0.00012510555781440592,31483,0.9846745691677353
cutting-ribbons,False,4,0.00012510555781440592,31487,0.9847996747255496
robot-return-to-origin,False,4,0.00012510555781440592,31491,0.984924780283364
largest-substring-between-two-equal-characters,False,4,0.00012510555781440592,31495,0.9850498858411785
decode-the-slanted-ciphertext,False,4,0.00012510555781440592,31499,0.9851749913989929
decode-ways-ii,False,4,0.00012510555781440592,31503,0.9853000969568073
partition-list,False,4,0.00012510555781440592,31507,0.9854252025146217
decode-xored-array,False,4,0.00012510555781440592,31511,0.9855503080724362
the-most-frequently-ordered-products-for-each-customer,False,4,0.00012510555781440592,31515,0.9856754136302506
path-crossing,False,4,0.00012510555781440592,31519,0.9858005191880649
lexicographical-numbers,False,4,0.00012510555781440592,31523,0.9859256247458793
minimum-number-of-days-to-make-m-bouquets,False,4,0.00012510555781440592,31527,0.9860507303036937
additive-number,False,4,0.00012510555781440592,31531,0.9861758358615081
destination-city,False,4,0.00012510555781440592,31535,0.9863009414193226
largest-number-at-least-twice-of-others,False,4,0.00012510555781440592,31539,0.986426046977137
delete-columns-to-make-sorted,False,4,0.00012510555781440592,31543,0.9865511525349514
best-time-to-buy-and-sell-stock-with-cooldown,False,4,0.00012510555781440592,31547,0.9866762580927658
reverse-words-in-a-string-ii,False,4,0.00012510555781440592,31551,0.9868013636505801
number-of-days-between-two-dates,False,4,0.00012510555781440592,31555,0.9869264692083946
kth-smallest-product-of-two-sorted-arrays,False,4,0.00012510555781440592,31559,0.987051574766209
minimum-degree-of-a-connected-trio-in-a-graph,False,4,0.00012510555781440592,31563,0.9871766803240234
two-furthest-houses-with-different-colors,False,4,0.00012510555781440592,31567,0.9873017858818378
confusing-number-ii,False,4,0.00012510555781440592,31571,0.9874268914396522
minimum-cost-to-reach-destination-in-time,False,4,0.00012510555781440592,31575,0.9875519969974667
reverse-substrings-between-each-pair-of-parentheses,False,4,0.00012510555781440592,31579,0.9876771025552811
rotated-digits,False,4,0.00012510555781440592,31583,0.9878022081130954
last-stone-weight-ii,False,4,0.00012510555781440592,31587,0.9879273136709098
average-salary-departments-vs-company,False,4,0.00012510555781440592,31591,0.9880524192287242
excel-sheet-column-title,False,4,0.00012510555781440592,31595,0.9881775247865386
h-index-ii,False,4,0.00012510555781440592,31599,0.9883026303443531
find-the-difference-of-two-arrays,False,4,0.00012510555781440592,31603,0.9884277359021675
find-the-highest-altitude,False,4,0.00012510555781440592,31607,0.9885528414599819
reformat-the-string,False,4,0.00012510555781440592,31611,0.9886779470177962
ip-to-cidr,False,4,0.00012510555781440592,31615,0.9888030525756106
bulb-switcher,False,4,0.00012510555781440592,31619,0.988928158133425
alphabet-board-path,False,4,0.00012510555781440592,31623,0.9890532636912395
missing-number-in-arithmetic-progression,False,4,0.00012510555781440592,31627,0.9891783692490539
number-of-steps-to-reduce-a-number-to-zero,False,4,0.00012510555781440592,31631,0.9893034748068683
monotonic-array,False,4,0.00012510555781440592,31635,0.9894285803646827
remove-duplicates-from-sorted-list,False,4,0.00012510555781440592,31639,0.9895536859224972
integer-break,False,4,0.00012510555781440592,31643,0.9896787914803115
insertion-sort-list,False,4,0.00012510555781440592,31647,0.9898038970381259
count-good-numbers,False,4,0.00012510555781440592,31651,0.9899290025959403
construct-target-array-with-multiple-sums,False,4,0.00012510555781440592,31655,0.9900541081537547
remove-linked-list-elements,False,4,0.00012510555781440592,31659,0.9901792137115691
remove-max-number-of-edges-to-keep-graph-fully-traversable,False,4,0.00012510555781440592,31663,0.9903043192693836
longest-word-with-all-prefixes,False,4,0.00012510555781440592,31667,0.990429424827198
shuffle-string,False,4,0.00012510555781440592,31671,0.9905545303850124
house-robber-ii,False,4,0.00012510555781440592,31675,0.9906796359428267
html-entity-parser,False,4,0.00012510555781440592,31679,0.9908047415006411
water-bottles,False,4,0.00012510555781440592,31683,0.9909298470584555
number-of-islands-ii,False,4,0.00012510555781440592,31687,0.99105495261627
image-smoother,False,4,0.00012510555781440592,31691,0.9911800581740844
shortest-path-with-alternating-colors,False,4,0.00012510555781440592,31695,0.9913051637318988
count-good-meals,False,4,0.00012510555781440592,31699,0.9914302692897132
maximum-sum-of-3-non-overlapping-subarrays,False,4,0.00012510555781440592,31703,0.9915553748475276
minimum-time-to-complete-trips,False,4,0.00012510555781440592,31707,0.991680480405342
maximum-binary-tree-ii,False,4,0.00012510555781440592,31711,0.9918055859631564
one-edit-distance,False,4,0.00012510555781440592,31715,0.9919306915209708
n-ary-tree-level-order-traversal,False,4,0.00012510555781440592,31719,0.9920557970787852
maximum-population-year,False,4,0.00012510555781440592,31723,0.9921809026365996
maximum-of-absolute-value-expression,False,4,0.00012510555781440592,31727,0.9923060081944141
find-cumulative-salary-of-an-employee,False,4,0.00012510555781440592,31731,0.9924311137522285
broken-calculator,False,4,0.00012510555781440592,31735,0.9925562193100429
build-array-from-permutation,False,4,0.00012510555781440592,31739,0.9926813248678572
arithmetic-slices,False,4,0.00012510555781440592,31743,0.9928064304256716
average-salary-excluding-the-minimum-and-maximum-salary,False,4,0.00012510555781440592,31747,0.992931535983486
sorting-the-sentence,False,4,0.00012510555781440592,31751,0.9930566415413005
maximum-average-subarray-i,False,4,0.00012510555781440592,31755,0.9931817470991149
scramble-string,False,4,0.00012510555781440592,31759,0.9933068526569293
long-pressed-name,False,4,0.00012510555781440592,31763,0.9934319582147437
find-interview-candidates,False,4,0.00012510555781440592,31767,0.9935570637725581
apply-discount-to-prices,False,4,0.00012510555781440592,31771,0.9936821693303725
split-two-strings-to-make-palindrome,False,4,0.00012510555781440592,31775,0.9938072748881869
maximum-alternating-subsequence-sum,False,4,0.00012510555781440592,31779,0.9939323804460013
maximum-absolute-sum-of-any-subarray,False,4,0.00012510555781440592,31783,0.9940574860038157
exchange-seats,False,4,0.00012510555781440592,31787,0.9941825915616301
count-items-matching-a-rule,False,4,0.00012510555781440592,31791,0.9943076971194446
missing-element-in-sorted-array,False,4,0.00012510555781440592,31795,0.994432802677259
student-attendance-record-i,False,4,0.00012510555781440592,31799,0.9945579082350734
arithmetic-subarrays,False,4,0.00012510555781440592,31803,0.9946830137928877
ugly-number,False,3,9.382916836080442e-05,31806,0.9947768429612486
number-of-ways-to-paint-n-3-grid,False,3,9.382916836080442e-05,31809,0.9948706721296093
consecutive-numbers,False,3,9.382916836080442e-05,31812,0.9949645012979702
customers-who-bought-all-products,False,3,9.382916836080442e-05,31815,0.995058330466331
rising-temperature,False,3,9.382916836080442e-05,31818,0.9951521596346917
number-of-calls-between-two-persons,False,3,9.382916836080442e-05,31821,0.9952459888030526
replace-all-s-to-avoid-consecutive-repeating-characters,False,3,9.382916836080442e-05,31824,0.9953398179714134
find-the-start-and-end-number-of-continuous-ranges,False,3,9.382916836080442e-05,31827,0.9954336471397742
rearrange-spaces-between-words,False,3,9.382916836080442e-05,31830,0.995527476308135
champagne-tower,False,3,9.382916836080442e-05,31833,0.9956213054764957
first-and-last-call-on-the-same-day,False,3,9.382916836080442e-05,31836,0.9957151346448566
split-linked-list-in-parts,False,3,9.382916836080442e-05,31839,0.9958089638132174
find-customer-referee,False,3,9.382916836080442e-05,31842,0.9959027929815782
products-price-for-each-store,False,3,9.382916836080442e-05,31845,0.995996622149939
recyclable-and-low-fat-products,False,3,9.382916836080442e-05,31848,0.9960904513182998
insert-into-a-sorted-circular-linked-list,False,3,9.382916836080442e-05,31851,0.9961842804866606
maximize-distance-to-closest-person,False,3,9.382916836080442e-05,31854,0.9962781096550214
to-lower-case,False,3,9.382916836080442e-05,31857,0.9963719388233823
defanging-an-ip-address,False,3,9.382916836080442e-05,31860,0.996465767991743
sales-by-day-of-the-week,False,3,9.382916836080442e-05,31863,0.9965595971601038
grand-slam-titles,False,2,6.255277890720296e-05,31865,0.996622149939011
reformat-department-table,False,2,6.255277890720296e-05,31867,0.9966847027179182
remove-all-occurrences-of-a-substring,False,2,6.255277890720296e-05,31869,0.9967472554968254
length-of-last-word,False,2,6.255277890720296e-05,31871,0.9968098082757326
article-views-ii,False,2,6.255277890720296e-05,31873,0.9968723610546398
license-key-formatting,False,2,6.255277890720296e-05,31875,0.996934913833547
managers-with-at-least-5-direct-reports,False,2,6.255277890720296e-05,31877,0.9969974666124543
friend-requests-i-overall-acceptance-rate,False,2,6.255277890720296e-05,31879,0.9970600193913615
number-of-dice-rolls-with-target-sum,False,2,6.255277890720296e-05,31881,0.9971225721702687
goat-latin,False,2,6.255277890720296e-05,31883,0.9971851249491759
consecutive-available-seats,False,2,6.255277890720296e-05,31885,0.9972476777280831
longer-contiguous-segments-of-ones-than-zeros,False,2,6.255277890720296e-05,31887,0.9973102305069903
remove-one-element-to-make-the-array-strictly-increasing,False,2,6.255277890720296e-05,31889,0.9973727832858975
human-traffic-of-stadium,False,2,6.255277890720296e-05,31891,0.9974353360648047
remove-vowels-from-a-string,False,2,6.255277890720296e-05,31893,0.9974978888437119
shortest-distance-in-a-line,False,2,6.255277890720296e-05,31895,0.997560441622619
sales-person,False,2,6.255277890720296e-05,31897,0.9976229944015262
k-inverse-pairs-array,False,2,6.255277890720296e-05,31899,0.9976855471804335
replace-elements-with-greatest-element-on-right-side,False,2,6.255277890720296e-05,31901,0.9977480999593407
apples-oranges,False,2,6.255277890720296e-05,31903,0.9978106527382479
report-contiguous-dates,False,2,6.255277890720296e-05,31905,0.9978732055171551
longest-continuous-increasing-subsequence,False,2,6.255277890720296e-05,31907,0.9979357582960623
consecutive-characters,False,2,6.255277890720296e-05,31909,0.9979983110749695
hamming-distance,False,2,6.255277890720296e-05,31911,0.9980608638538767
customer-placing-the-largest-number-of-orders,False,2,6.255277890720296e-05,31913,0.9981234166327839
valid-permutations-for-di-sequence,False,2,6.255277890720296e-05,31915,0.9981859694116911
count-hills-and-valleys-in-an-array,False,2,6.255277890720296e-05,31917,0.9982485221905983
decompress-run-length-encoded-list,False,2,6.255277890720296e-05,31919,0.9983110749695056
the-dining-philosophers,False,2,6.255277890720296e-05,31921,0.9983736277484128
tenth-line,False,2,6.255277890720296e-05,31923,0.99843618052732
delete-duplicate-emails,False,2,6.255277890720296e-05,31925,0.9984987333062272
triangle-judgement,False,2,6.255277890720296e-05,31927,0.9985612860851343
ads-performance,False,2,6.255277890720296e-05,31929,0.9986238388640415
swap-salary,False,2,6.255277890720296e-05,31931,0.9986863916429487
department-top-three-salaries,False,2,6.255277890720296e-05,31933,0.9987489444218559
paint-fence,False,2,6.255277890720296e-05,31935,0.9988114972007631
merge-in-between-linked-lists,False,2,6.255277890720296e-05,31937,0.9988740499796703
primary-department-for-each-employee,False,2,6.255277890720296e-05,31939,0.9989366027585775
prime-palindrome,False,2,6.255277890720296e-05,31941,0.9989991555374848
print-in-order,False,2,6.255277890720296e-05,31943,0.999061708316392
students-report-by-geography,False,2,6.255277890720296e-05,31945,0.9991242610952992
1-bit-and-2-bit-characters,False,2,6.255277890720296e-05,31947,0.9991868138742064
product-price-at-a-given-date,False,2,6.255277890720296e-05,31949,0.9992493666531136
average-time-of-process-per-machine,False,2,6.255277890720296e-05,31951,0.9993119194320208
count-odd-numbers-in-an-interval-range,False,2,6.255277890720296e-05,31953,0.999374472210928
average-selling-price,False,2,6.255277890720296e-05,31955,0.9994370249898352
actors-and-directors-who-cooperated-at-least-three-times,False,2,6.255277890720296e-05,31957,0.9994995777687424
number-of-ways-to-stay-in-the-same-place-after-some-steps,False,2,6.255277890720296e-05,31959,0.9995621305476495
user-activity-for-the-past-30-days-i,False,2,6.255277890720296e-05,31961,0.9996246833265567
user-activity-for-the-past-30-days-ii,False,2,6.255277890720296e-05,31963,0.999687236105464
reaching-points,False,2,6.255277890720296e-05,31965,0.9997497888843712
valid-mountain-array,False,2,6.255277890720296e-05,31967,0.9998123416632784
active-users,False,2,6.255277890720296e-05,31969,0.9998748944421856
customers-who-never-order,False,2,6.255277890720296e-05,31971,0.9999374472210928
bitwise-and-of-numbers-range,False,2,6.255277890720296e-05,31973,1.0
